open_time,open,high,low,close,volume,close_time,quote_volume,trades,taker_buy_volume,taker_buy_quote,ignore
2026-04-12 23:40:00,70638.35000000,70694.63000000,70638.35000000,70676.33000000,8.15309000,2026-04-12 23:40:59.999,576219.64352620,1927,3.79460000,268177.16927010,0
2026-04-12 23:41:00,70676.33000000,70680.21000000,70665.33000000,70670.01000000,6.10827000,2026-04-12 23:41:59.999,431670.87642880,1237,4.30624000,304312.04279340,0
2026-04-12 23:42:00,70670.02000000,70675.32000000,70665.33000000,70665.34000000,1.85810000,2026-04-12 23:42:59.999,131316.96448010,679,0.38324000,27084.72855090,0
2026-04-12 23:43:00,70665.33000000,70665.34000000,70600.00000000,70619.41000000,3.36920000,2026-04-12 23:43:59.999,237958.28523540,1776,1.28649000,90850.73370210,0
2026-04-12 23:44:00,70619.41000000,70733.28000000,70619.40000000,70733.27000000,5.69241000,2026-04-12 23:44:59.999,402276.69214440,2204,5.30582000,374965.07988690,0
2026-04-12 23:45:00,70733.27000000,70735.12000000,70692.24000000,70701.46000000,1.97666000,2026-04-12 23:45:59.999,139799.89110690,1139,0.72484000,51265.47878810,0
2026-04-12 23:46:00,70701.46000000,70701.47000000,70692.25000000,70693.15000000,1.46020000,2026-04-12 23:46:59.999,103234.85847670,956,0.27702000,19584.71736080,0
2026-04-12 23:47:00,70693.15000000,70693.16000000,70624.25000000,70624.25000000,3.68601000,2026-04-12 23:47:59.999,260446.96867600,1205,0.66403000,46917.83641150,0
2026-04-12 23:48:00,70624.25000000,70625.32000000,70597.87000000,70614.16000000,2.46770000,2026-04-12 23:48:59.999,174265.80661190,1593,0.60885000,42993.41797730,0
2026-04-12 23:49:00,70614.16000000,70614.16000000,70592.29000000,70594.68000000,2.16539000,2026-04-12 23:49:59.999,152873.03871540,1162,1.06677000,75310.55201300,0
2026-04-12 23:50:00,70594.68000000,70637.47000000,70594.68000000,70628.41000000,7.17267000,2026-04-12 23:50:59.999,506565.43593410,3047,3.39137000,239493.22214060,0
2026-04-12 23:51:00,70628.40000000,70705.55000000,70628.40000000,70705.55000000,1.92607000,2026-04-12 23:51:59.999,136123.66202230,1914,1.73347000,122509.34225120,0
2026-04-12 23:52:00,70705.54000000,70776.93000000,70705.54000000,70766.13000000,13.27619000,2026-04-12 23:52:59.999,939437.59666250,3206,8.87512000,627973.64830990,0
2026-04-12 23:53:00,70766.12000000,70766.13000000,70724.14000000,70734.52000000,7.24118000,2026-04-12 23:53:59.999,512215.45951210,1474,4.10074000,290063.08349310,0
2026-04-12 23:54:00,70734.51000000,70734.52000000,70713.06000000,70729.21000000,6.75423000,2026-04-12 23:54:59.999,477666.31023620,1286,4.30326000,304326.03391160,0
2026-04-12 23:55:00,70729.22000000,70776.93000000,70729.21000000,70776.93000000,6.92035000,2026-04-12 23:55:59.999,489585.53605350,1063,6.70853000,474597.43366660,0
2026-04-12 23:56:00,70776.93000000,70790.02000000,70762.57000000,70762.57000000,3.74466000,2026-04-12 23:56:59.999,265056.32708250,1235,1.96293000,138940.96458050,0
2026-04-12 23:57:00,70762.57000000,70762.57000000,70712.99000000,70723.95000000,8.86937000,2026-04-12 23:57:59.999,627298.29412440,1574,1.25467000,88738.67442760,0
2026-04-12 23:58:00,70723.95000000,70768.48000000,70723.95000000,70768.48000000,6.00011000,2026-04-12 23:58:59.999,424447.35153040,1196,5.85694000,414320.40268010,0
2026-04-12 23:59:00,70768.47000000,70768.47000000,70724.19000000,70740.98000000,5.43287000,2026-04-12 23:59:59.999,384384.18079970,1297,1.69226000,119718.46922540,0
2026-04-13 00:00:00,70741.56000000,70749.84000000,70646.82000000,70648.87000000,36.71326000,2026-04-13 00:00:59.999,2595333.91155730,5286,18.30782000,1294350.93477410,0
2026-04-13 00:01:00,70648.87000000,70661.94000000,70634.70000000,70651.09000000,4.75203000,2026-04-13 00:01:59.999,335707.51670250,3405,2.31011000,163197.28269620,0
2026-04-13 00:02:00,70651.09000000,70651.09000000,70615.30000000,70615.30000000,4.21100000,2026-04-13 00:02:59.999,297427.75476010,2429,1.01730000,71852.56671480,0
2026-04-13 00:03:00,70615.31000000,70655.85000000,70615.30000000,70625.31000000,6.68073000,2026-04-13 00:03:59.999,471904.73510720,3684,4.73360000,334351.42300390,0
2026-04-13 00:04:00,70625.32000000,70691.25000000,70625.31000000,70687.97000000,4.49842000,2026-04-13 00:04:59.999,317884.84381330,2189,2.04952000,144817.71067790,0
2026-04-13 00:05:00,70687.97000000,70755.32000000,70687.97000000,70755.32000000,6.40851000,2026-04-13 00:05:59.999,453208.37596870,2819,4.40683000,311630.53809340,0
2026-04-13 00:06:00,70755.32000000,70788.25000000,70733.34000000,70735.11000000,9.15627000,2026-04-13 00:06:59.999,647891.79850990,2905,4.87693000,345124.79486020,0
2026-04-13 00:07:00,70735.12000000,70778.71000000,70735.11000000,70776.50000000,8.74099000,2026-04-13 00:07:59.999,618568.61441420,2723,4.61846000,326820.47920250,0
2026-04-13 00:08:00,70776.50000000,70876.04000000,70776.49000000,70826.01000000,21.80671000,2026-04-13 00:08:59.999,1544817.43350830,4128,18.57618000,1315940.14960650,0
2026-04-13 00:09:00,70826.00000000,70892.03000000,70817.46000000,70892.02000000,18.91651000,2026-04-13 00:09:59.999,1340585.82869190,2498,17.09255000,1211344.26666110,0
2026-04-13 00:10:00,70892.03000000,70907.48000000,70890.55000000,70899.83000000,7.37325000,2026-04-13 00:10:59.999,522788.03120920,1314,5.62021000,398489.07715530,0
2026-04-13 00:11:00,70899.83000000,70902.11000000,70820.58000000,70858.98000000,12.55256000,2026-04-13 00:11:59.999,889363.17228440,3194,5.19871000,368305.75586780,0
2026-04-13 00:12:00,70858.97000000,70862.48000000,70842.51000000,70855.40000000,2.18684000,2026-04-13 00:12:59.999,154933.16141010,1088,0.86944000,61596.52124950,0
2026-04-13 00:13:00,70855.41000000,70898.56000000,70829.06000000,70898.56000000,5.55517000,2026-04-13 00:13:59.999,393604.98606080,2520,3.26217000,231152.57868140,0
2026-04-13 00:14:00,70898.55000000,70916.96000000,70898.55000000,70916.18000000,3.49029000,2026-04-13 00:14:59.999,247490.99049820,1288,3.22737000,228848.00960980,0
2026-04-13 00:15:00,70916.18000000,70920.09000000,70895.08000000,70895.09000000,2.74051000,2026-04-13 00:15:59.999,194329.94582520,1492,1.90317000,134957.40768910,0
2026-04-13 00:16:00,70895.09000000,70895.09000000,70844.92000000,70859.37000000,6.12083000,2026-04-13 00:16:59.999,433731.69936420,2382,3.94862000,279787.18052050,0
2026-04-13 00:17:00,70859.37000000,70886.43000000,70831.13000000,70831.14000000,3.12511000,2026-04-13 00:17:59.999,221481.81799350,1832,1.57712000,111784.04383720,0
2026-04-13 00:18:00,70831.13000000,70902.77000000,70831.13000000,70902.76000000,3.99301000,2026-04-13 00:18:59.999,282976.85227280,2046,2.87128000,203463.23278230,0
2026-04-13 00:19:00,70902.77000000,70902.77000000,70852.09000000,70852.09000000,2.77061000,2026-04-13 00:19:59.999,196396.71061180,1573,1.06967000,75830.79067250,0
2026-04-13 00:20:00,70852.09000000,70897.16000000,70852.09000000,70884.50000000,4.13616000,2026-04-13 00:20:59.999,293138.74358160,1529,2.07520000,147063.73065770,0
2026-04-13 00:21:00,70883.18000000,70921.07000000,70882.35000000,70921.07000000,7.02789000,2026-04-13 00:21:59.999,498339.43274890,1964,4.93634000,350017.03875560,0
2026-04-13 00:22:00,70921.38000000,70934.04000000,70853.68000000,70853.69000000,11.62820000,2026-04-13 00:22:59.999,824641.80866520,2917,5.79544000,411044.99031530,0
2026-04-13 00:23:00,70853.69000000,70896.11000000,70831.86000000,70896.11000000,15.44603000,2026-04-13 00:23:59.999,1094454.38651010,3177,7.95821000,563938.77679960,0
2026-04-13 00:24:00,70896.11000000,70927.28000000,70877.43000000,70925.27000000,4.64973000,2026-04-13 00:24:59.999,329634.17018040,1936,3.62450000,256952.93478560,0
2026-04-13 00:25:00,70925.28000000,70960.00000000,70889.47000000,70958.18000000,53.44338000,2026-04-13 00:25:59.999,3791807.04994320,2134,37.34532000,2649522.92279190,0
2026-04-13 00:26:00,70958.18000000,70989.44000000,70944.31000000,70970.53000000,13.19607000,2026-04-13 00:26:59.999,936539.40314310,2890,8.93454000,634107.59931090,0
2026-04-13 00:27:00,70970.52000000,71089.58000000,70970.52000000,71072.62000000,41.08305000,2026-04-13 00:27:59.999,2918166.36952790,5067,38.54140000,2737596.94904300,0
2026-04-13 00:28:00,71072.61000000,71089.60000000,71017.18000000,71017.19000000,4.00828000,2026-04-13 00:28:59.999,284817.01364820,1997,1.81696000,129121.43186220,0
2026-04-13 00:29:00,71017.19000000,71029.30000000,70982.39000000,70982.39000000,2.30835000,2026-04-13 00:29:59.999,163931.89150880,1605,0.51744000,36750.02638810,0
2026-04-13 00:30:00,70982.39000000,70997.11000000,70954.72000000,70966.89000000,5.51312000,2026-04-13 00:30:59.999,391223.52707400,1703,4.94218000,350697.46029280,0
2026-04-13 00:31:00,70966.89000000,71010.69000000,70961.56000000,71009.62000000,2.61739000,2026-04-13 00:31:59.999,185811.11553720,2473,2.07363000,147204.63620020,0
2026-04-13 00:32:00,71009.63000000,71040.71000000,70999.04000000,71000.83000000,4.08881000,2026-04-13 00:32:59.999,290366.88494850,1949,2.46281000,174894.85285640,0
2026-04-13 00:33:00,71000.83000000,71081.12000000,71000.83000000,71069.53000000,5.13599000,2026-04-13 00:33:59.999,364910.54777200,2504,4.26839000,303254.93995470,0
2026-04-13 00:34:00,71069.54000000,71084.77000000,71061.60000000,71084.77000000,2.38796000,2026-04-13 00:34:59.999,169708.75907180,1364,0.88321000,62768.23291580,0
2026-04-13 00:35:00,71084.76000000,71084.76000000,71054.70000000,71054.70000000,5.35648000,2026-04-13 00:35:59.999,380701.26605480,1736,1.33671000,94994.17429930,0
2026-04-13 00:36:00,71054.71000000,71088.00000000,71054.04000000,71081.94000000,7.90563000,2026-04-13 00:36:59.999,561901.29550450,1593,6.43087000,457101.08337580,0
2026-04-13 00:37:00,71081.95000000,71088.00000000,71052.26000000,71076.76000000,2.96637000,2026-04-13 00:37:59.999,210817.17540190,1680,1.13583000,80719.42080210,0
2026-04-13 00:38:00,71076.77000000,71105.45000000,71068.57000000,71105.44000000,4.69445000,2026-04-13 00:38:59.999,333728.36660360,1324,4.15472000,295361.94510680,0
2026-04-13 00:39:00,71105.45000000,71114.44000000,71048.33000000,71048.33000000,38.77686000,2026-04-13 00:39:59.999,2756524.22268440,3288,4.45000000,316364.85976010,0
2026-04-13 00:40:00,71048.32000000,71119.43000000,71042.13000000,71119.42000000,35.33321000,2026-04-13 00:40:59.999,2510827.85484600,4343,32.56628000,2314147.52226630,0
2026-04-13 00:41:00,71119.43000000,71129.31000000,71076.77000000,71076.77000000,7.68144000,2026-04-13 00:41:59.999,546240.04323660,1919,1.92736000,137066.39990340,0
2026-04-13 00:42:00,71076.77000000,71086.08000000,71051.66000000,71059.82000000,6.39900000,2026-04-13 00:42:59.999,454806.67938550,2262,1.77618000,126218.61153540,0
2026-04-13 00:43:00,71059.82000000,71059.82000000,71037.07000000,71037.07000000,1.34690000,2026-04-13 00:43:59.999,95686.56354350,476,0.47841000,33986.38052160,0
2026-04-13 00:44:00,71037.08000000,71071.31000000,71013.93000000,71063.99000000,4.42577000,2026-04-13 00:44:59.999,314462.02024070,2126,3.68694000,261974.26508160,0
2026-04-13 00:45:00,71064.00000000,71083.31000000,71059.61000000,71067.74000000,2.97334000,2026-04-13 00:45:59.999,211330.85269440,1522,1.16147000,82547.68335210,0
2026-04-13 00:46:00,71067.74000000,71067.75000000,71019.48000000,71037.08000000,3.05787000,2026-04-13 00:46:59.999,217216.72224330,1464,1.92308000,136596.22795740,0
2026-04-13 00:47:00,71037.08000000,71069.61000000,71037.07000000,71069.61000000,2.54000000,2026-04-13 00:47:59.999,180462.29971580,1116,2.31534000,164499.83079950,0
2026-04-13 00:48:00,71069.62000000,71102.45000000,71069.61000000,71091.97000000,3.57083000,2026-04-13 00:48:59.999,253853.10284730,2120,1.98089000,140815.95520420,0
2026-04-13 00:49:00,71091.98000000,71154.12000000,71091.98000000,71133.92000000,12.78668000,2026-04-13 00:49:59.999,909519.91943490,2415,12.30408000,875190.86980900,0
2026-04-13 00:50:00,71133.91000000,71155.00000000,71132.88000000,71138.73000000,5.38563000,2026-04-13 00:50:59.999,383134.38036780,1466,4.68211000,333084.98249270,0
2026-04-13 00:51:00,71138.73000000,71152.36000000,71114.40000000,71141.97000000,3.98382000,2026-04-13 00:51:59.999,283359.00909440,1968,2.69568000,191736.48905770,0
2026-04-13 00:52:00,71143.17000000,71159.55000000,71138.41000000,71138.42000000,1.88750000,2026-04-13 00:52:59.999,134297.72484130,1308,1.32657000,94389.03360650,0
2026-04-13 00:53:00,71138.41000000,71206.84000000,71128.01000000,71206.84000000,11.21880000,2026-04-13 00:53:59.999,798591.65827100,3611,10.93520000,778411.72417250,0
2026-04-13 00:54:00,71206.83000000,71262.63000000,71203.37000000,71204.87000000,15.15548000,2026-04-13 00:54:59.999,1079451.33341570,4607,10.00585000,712666.55813420,0
2026-04-13 00:55:00,71204.87000000,71204.88000000,71156.23000000,71174.32000000,4.62081000,2026-04-13 00:55:59.999,328936.75583650,1815,1.62421000,115607.25763520,0
2026-04-13 00:56:00,71174.32000000,71174.33000000,71122.19000000,71122.19000000,8.37424000,2026-04-13 00:56:59.999,595812.03174220,2497,1.29758000,92311.83313710,0
2026-04-13 00:57:00,71122.19000000,71160.71000000,71122.19000000,71150.87000000,3.19694000,2026-04-13 00:57:59.999,227452.96110420,1761,2.68680000,191163.35367640,0
2026-04-13 00:58:00,71150.88000000,71160.68000000,71150.75000000,71150.75000000,0.59198000,2026-04-13 00:58:59.999,42121.40511290,529,0.35753000,25439.12135040,0
2026-04-13 00:59:00,71150.75000000,71185.56000000,71139.92000000,71172.62000000,4.04679000,2026-04-13 00:59:59.999,287987.86282720,1508,2.14905000,152943.86430790,0
2026-04-13 01:00:00,71172.63000000,71209.20000000,71170.09000000,71209.20000000,3.87779000,2026-04-13 01:00:59.999,276046.70994520,2134,2.06426000,146945.18361930,0
2026-04-13 01:01:00,71209.19000000,71209.20000000,71150.61000000,71202.34000000,8.22416000,2026-04-13 01:01:59.999,585407.16076280,2419,3.93969000,280389.33695730,0
2026-04-13 01:02:00,71202.34000000,71202.34000000,71109.23000000,71138.01000000,13.16133000,2026-04-13 01:02:59.999,936323.64157850,2759,2.71646000,193213.92395090,0
2026-04-13 01:03:00,71138.01000000,71171.64000000,71138.00000000,71171.64000000,2.17985000,2026-04-13 01:03:59.999,155093.33101790,1136,1.63718000,116478.54267300,0
2026-04-13 01:04:00,71171.64000000,71180.40000000,71162.57000000,71173.99000000,3.62238000,2026-04-13 01:04:59.999,257801.63115620,1246,1.18931000,84645.02340070,0
2026-04-13 01:05:00,71174.00000000,71185.49000000,71137.41000000,71137.42000000,4.24673000,2026-04-13 01:05:59.999,302186.48897830,1220,3.10415000,220883.33704600,0
2026-04-13 01:06:00,71137.42000000,71137.42000000,71117.23000000,71126.61000000,3.85368000,2026-04-13 01:06:59.999,274092.20944600,1577,2.29914000,163518.04753320,0
2026-04-13 01:07:00,71126.62000000,71146.88000000,71126.61000000,71138.93000000,12.98582000,2026-04-13 01:07:59.999,923714.93559480,2126,7.09274000,504510.84159500,0
2026-04-13 01:08:00,71138.92000000,71146.88000000,71098.28000000,71100.00000000,17.55723000,2026-04-13 01:08:59.999,1248473.91238800,1608,0.85004000,60463.59127300,0
2026-04-13 01:09:00,71100.00000000,71141.25000000,71100.00000000,71119.43000000,23.14528000,2026-04-13 01:09:59.999,1645962.11386690,1500,5.70222000,405444.98748410,0
2026-04-13 01:10:00,71119.42000000,71207.91000000,71119.42000000,71188.01000000,6.68234000,2026-04-13 01:10:59.999,475580.47271610,2421,4.80862000,342206.82624100,0
2026-04-13 01:11:00,71188.00000000,71201.78000000,71177.92000000,71201.78000000,3.13370000,2026-04-13 01:11:59.999,223085.49555150,2462,1.31699000,93753.02383510,0
2026-04-13 01:12:00,71201.79000000,71227.28000000,71198.57000000,71198.57000000,4.27238000,2026-04-13 01:12:59.999,304248.10703480,2245,1.96384000,139851.50713720,0
2026-04-13 01:13:00,71198.57000000,71198.57000000,71154.66000000,71154.66000000,6.06270000,2026-04-13 01:13:59.999,431589.30190560,1852,1.50099000,106856.13673270,0
2026-04-13 01:14:00,71154.66000000,71165.56000000,71112.78000000,71132.95000000,128.69991000,2026-04-13 01:14:59.999,9152848.14830750,3064,104.14003000,7406000.79034100,0
2026-04-13 01:15:00,71132.95000000,71141.76000000,71118.16000000,71132.69000000,2.46910000,2026-04-13 01:15:59.999,175630.53087080,1234,0.98467000,70040.79642700,0
2026-04-13 01:16:00,71132.69000000,71132.70000000,71091.97000000,71106.52000000,3.37383000,2026-04-13 01:16:59.999,239918.93399380,1178,0.50210000,35702.20360070,0
2026-04-13 01:17:00,71106.52000000,71111.93000000,71102.84000000,71111.55000000,4.35147000,2026-04-13 01:17:59.999,309433.93115890,698,0.64000000,45509.79738490,0
2026-04-13 01:18:00,71111.55000000,71119.43000000,71063.40000000,71081.38000000,4.16619000,2026-04-13 01:18:59.999,296169.67112500,1781,0.77881000,55365.16631010,0
2026-04-13 01:19:00,71081.39000000,71157.31000000,71079.95000000,71106.16000000,176.88554000,2026-04-13 01:19:59.999,12580935.40551910,4268,163.01601000,11594587.38895130,0
2026-04-13 01:20:00,71106.16000000,71131.49000000,71101.87000000,71131.48000000,5.72233000,2026-04-13 01:20:59.999,406943.32473670,899,1.79655000,127750.80172460,0
2026-04-13 01:21:00,71131.48000000,71131.48000000,71105.06000000,71105.06000000,54.55744000,2026-04-13 01:21:59.999,3879683.19901380,2953,5.13229000,364968.09875640,0
2026-04-13 01:22:00,71105.07000000,71105.07000000,71088.48000000,71105.05000000,7.74959000,2026-04-13 01:22:59.999,550981.36412870,1161,4.00432000,284690.95305750,0
2026-04-13 01:23:00,71105.05000000,71105.05000000,71070.77000000,71070.78000000,4.21284000,2026-04-13 01:23:59.999,299479.00743710,1120,0.54881000,39015.33524080,0
2026-04-13 01:24:00,71070.78000000,71118.34000000,71055.90000000,71081.42000000,10.24213000,2026-04-13 01:24:59.999,728019.80186570,2077,4.13366000,293792.13106380,0
2026-04-13 01:25:00,71081.41000000,71101.57000000,71081.41000000,71101.56000000,4.18578000,2026-04-13 01:25:59.999,297573.23069370,473,0.45982000,32688.63861850,0
2026-04-13 01:26:00,71101.56000000,71101.57000000,71089.16000000,71089.17000000,5.53329000,2026-04-13 01:26:59.999,393389.06117550,758,0.60800000,43225.74891890,0
2026-04-13 01:27:00,71089.16000000,71106.00000000,71089.16000000,71099.52000000,21.80669000,2026-04-13 01:27:59.999,1550478.67338100,1390,0.74883000,53238.04838340,0
2026-04-13 01:28:00,71099.53000000,71166.69000000,71099.53000000,71160.30000000,6.10872000,2026-04-13 01:28:59.999,434616.98997620,1679,2.67324000,190156.59814410,0
2026-04-13 01:29:00,71160.31000000,71163.14000000,71059.89000000,71100.72000000,44.50556000,2026-04-13 01:29:59.999,3164718.17592920,3260,12.70811000,903507.22592990,0
2026-04-13 01:30:00,71100.71000000,71110.35000000,71034.12000000,71037.08000000,12.29553000,2026-04-13 01:30:59.999,873799.08771590,2550,5.62243000,399591.03566820,0
2026-04-13 01:31:00,71037.08000000,71071.31000000,71027.26000000,71064.14000000,7.07700000,2026-04-13 01:31:59.999,502821.03333780,2007,4.06703000,288937.87521020,0
2026-04-13 01:32:00,71064.14000000,71094.62000000,71051.35000000,71094.62000000,3.88041000,2026-04-13 01:32:59.999,275779.24726520,1438,3.07796000,218745.48628530,0
2026-04-13 01:33:00,71094.62000000,71150.00000000,71094.62000000,71149.99000000,7.00613000,2026-04-13 01:33:59.999,498386.48655030,1688,3.59493000,255718.60573140,0
2026-04-13 01:34:00,71150.00000000,71150.00000000,71134.00000000,71141.85000000,2.32430000,2026-04-13 01:34:59.999,165352.51217840,1219,0.54382000,38686.63869090,0
2026-04-13 01:35:00,71141.86000000,71199.56000000,71141.86000000,71195.12000000,5.46364000,2026-04-13 01:35:59.999,388865.93634430,1997,2.47912000,176441.91765040,0
2026-04-13 01:36:00,71195.12000000,71201.56000000,71154.16000000,71154.16000000,2.30041000,2026-04-13 01:36:59.999,163744.35716300,1350,0.77786000,55372.95870910,0
2026-04-13 01:37:00,71154.16000000,71154.16000000,71115.29000000,71142.06000000,2.89889000,2026-04-13 01:37:59.999,206206.73882360,1924,0.47867000,34049.59542340,0
2026-04-13 01:38:00,71142.06000000,71165.46000000,71137.28000000,71137.29000000,3.00624000,2026-04-13 01:38:59.999,213897.57668570,1298,0.86065000,61239.23559140,0
2026-04-13 01:39:00,71137.28000000,71165.12000000,71111.81000000,71111.81000000,4.03894000,2026-04-13 01:39:59.999,287332.67711200,1891,0.68660000,48850.25775540,0
2026-04-13 01:40:00,71111.81000000,71153.20000000,71111.62000000,71111.62000000,3.58289000,2026-04-13 01:40:59.999,254870.19602200,1961,1.97042000,140164.87129300,0
2026-04-13 01:41:00,71111.62000000,71133.26000000,71093.82000000,71093.82000000,5.28377000,2026-04-13 01:41:59.999,375814.80067990,1303,3.35162000,238398.42873120,0
2026-04-13 01:42:00,71093.82000000,71119.43000000,71084.97000000,71119.43000000,5.95229000,2026-04-13 01:42:59.999,423237.30531940,1075,1.64114000,116677.98086410,0
2026-04-13 01:43:00,71119.43000000,71161.98000000,71119.42000000,71154.33000000,5.96721000,2026-04-13 01:43:59.999,424528.25514550,1502,3.61410000,257117.26550320,0
2026-04-13 01:44:00,71154.33000000,71159.92000000,71139.29000000,71147.76000000,4.44208000,2026-04-13 01:44:59.999,316046.97099730,1123,1.68325000,119750.43556990,0
2026-04-13 01:45:00,71147.77000000,71155.55000000,71119.42000000,71153.02000000,4.68891000,2026-04-13 01:45:59.999,333548.41573350,2307,1.67353000,119046.80401980,0
2026-04-13 01:46:00,71153.02000000,71160.37000000,71141.13000000,71141.14000000,1.72619000,2026-04-13 01:46:59.999,122828.95023100,776,0.46085000,32791.80919430,0
2026-04-13 01:47:00,71141.14000000,71170.31000000,71141.13000000,71170.31000000,2.13026000,2026-04-13 01:47:59.999,151578.05177620,922,0.66336000,47199.66723320,0
2026-04-13 01:48:00,71170.31000000,71174.33000000,71154.14000000,71155.39000000,2.37828000,2026-04-13 01:48:59.999,169260.28366490,1186,0.42634000,30339.04299830,0
2026-04-13 01:49:00,71155.39000000,71155.40000000,71138.86000000,71138.86000000,1.25807000,2026-04-13 01:49:59.999,89507.45554650,602,0.30070000,21392.65608620,0
2026-04-13 01:50:00,71138.86000000,71174.45000000,71138.86000000,71164.87000000,2.39913000,2026-04-13 01:50:59.999,170703.77486960,1270,1.11590000,79399.66850400,0
2026-04-13 01:51:00,71164.87000000,71172.45000000,71157.15000000,71172.44000000,2.54650000,2026-04-13 01:51:59.999,181220.35549830,647,1.42898000,101691.09699190,0
2026-04-13 01:52:00,71172.45000000,71196.05000000,71172.45000000,71179.13000000,2.69928000,2026-04-13 01:52:59.999,192143.12813410,1238,1.56878000,111665.60828220,0
2026-04-13 01:53:00,71179.14000000,71179.14000000,71167.02000000,71167.03000000,3.54087000,2026-04-13 01:53:59.999,252021.00083970,482,0.58424000,41583.01391350,0
2026-04-13 01:54:00,71167.03000000,71167.03000000,71119.42000000,71119.42000000,3.53374000,2026-04-13 01:54:59.999,251420.72630770,1389,1.09470000,77892.39269990,0
2026-04-13 01:55:00,71119.43000000,71133.98000000,71119.42000000,71133.98000000,2.01891000,2026-04-13 01:55:59.999,143605.92249950,1021,1.55287000,110456.03966340,0
2026-04-13 01:56:00,71133.98000000,71193.33000000,71133.97000000,71193.33000000,10.45580000,2026-04-13 01:56:59.999,744003.57167890,1443,7.73608000,550482.41942360,0
2026-04-13 01:57:00,71193.32000000,71225.50000000,71193.32000000,71210.39000000,4.69512000,2026-04-13 01:57:59.999,334328.37403620,1626,3.32653000,236862.53942080,0
2026-04-13 01:58:00,71210.38000000,71218.12000000,71197.63000000,71201.36000000,2.11972000,2026-04-13 01:58:59.999,150929.39072670,1184,1.08456000,77220.70881930,0
2026-04-13 01:59:00,71201.37000000,71214.23000000,71197.63000000,71197.64000000,0.99225000,2026-04-13 01:59:59.999,70651.29572170,819,0.31323000,22302.14522100,0
2026-04-13 02:00:00,71197.64000000,71258.72000000,71197.63000000,71217.79000000,6.27710000,2026-04-13 02:00:59.999,447059.05507470,2759,5.07860000,361679.47511340,0
2026-04-13 02:01:00,71217.78000000,71224.00000000,71185.81000000,71223.99000000,8.21615000,2026-04-13 02:01:59.999,584983.70331870,1763,1.30360000,92826.80192050,0
2026-04-13 02:02:00,71224.00000000,71224.00000000,71201.72000000,71201.73000000,1.43300000,2026-04-13 02:02:59.999,102048.75759700,1199,0.59683000,42501.36006890,0
2026-04-13 02:03:00,71201.73000000,71201.73000000,71178.34000000,71189.39000000,3.58547000,2026-04-13 02:03:59.999,255236.71521230,897,1.81033000,128859.59506290,0
2026-04-13 02:04:00,71189.39000000,71189.39000000,71161.88000000,71165.71000000,2.58436000,2026-04-13 02:04:59.999,183931.30086310,1151,1.04970000,74702.59007300,0
2026-04-13 02:05:00,71165.71000000,71173.17000000,71165.71000000,71173.16000000,3.67775000,2026-04-13 02:05:59.999,261755.68320470,429,0.27023000,19232.53228820,0
2026-04-13 02:06:00,71173.16000000,71173.16000000,71150.00000000,71152.31000000,5.55238000,2026-04-13 02:06:59.999,395071.68179960,1257,3.97267000,282662.21954000,0
2026-04-13 02:07:00,71152.31000000,71152.31000000,71136.68000000,71149.70000000,2.95971000,2026-04-13 02:07:59.999,210573.76156720,1199,0.93718000,66675.79952830,0
2026-04-13 02:08:00,71149.71000000,71152.84000000,71138.03000000,71152.84000000,1.84185000,2026-04-13 02:08:59.999,131038.73184700,1058,0.78235000,55657.90428510,0
2026-04-13 02:09:00,71152.85000000,71152.85000000,71130.40000000,71130.41000000,3.42157000,2026-04-13 02:09:59.999,243420.76413270,838,0.35251000,25077.65159030,0
2026-04-13 02:10:00,71130.41000000,71146.85000000,71120.00000000,71127.20000000,5.77879000,2026-04-13 02:10:59.999,411039.16909800,1393,2.57491000,183151.32504660,0
2026-04-13 02:11:00,71127.20000000,71129.13000000,71084.68000000,71084.68000000,2.97159000,2026-04-13 02:11:59.999,211306.31041000,1355,0.19358000,13765.94467530,0
2026-04-13 02:12:00,71084.68000000,71084.68000000,71002.58000000,71002.58000000,4.62010000,2026-04-13 02:12:59.999,328207.89478260,2817,0.73474000,52202.06861220,0
2026-04-13 02:13:00,71002.59000000,71038.48000000,70986.71000000,71038.47000000,4.96871000,2026-04-13 02:13:59.999,352775.02111630,1751,1.02335000,72666.12468500,0
2026-04-13 02:14:00,71038.48000000,71048.38000000,71001.38000000,71001.38000000,4.12773000,2026-04-13 02:14:59.999,293110.27963060,1269,0.31234000,22188.26626660,0
2026-04-13 02:15:00,71001.38000000,71016.60000000,71001.38000000,71007.60000000,1.59579000,2026-04-13 02:15:59.999,113312.82275790,898,0.59733000,42415.82854270,0
2026-04-13 02:16:00,71007.59000000,71053.23000000,71007.59000000,71036.12000000,7.26608000,2026-04-13 02:16:59.999,516167.17594180,1694,6.22659000,442319.46569080,0
2026-04-13 02:17:00,71036.11000000,71048.59000000,71022.37000000,71048.59000000,3.94944000,2026-04-13 02:17:59.999,280523.81831730,988,0.94342000,67011.24096680,0
2026-04-13 02:18:00,71048.59000000,71079.50000000,71048.58000000,71079.50000000,3.66484000,2026-04-13 02:18:59.999,260471.09375110,1587,1.48285000,105383.57125410,0
2026-04-13 02:19:00,71079.50000000,71079.50000000,71053.97000000,71053.98000000,2.26142000,2026-04-13 02:19:59.999,160706.50876640,750,0.39753000,28247.14068260,0
2026-04-13 02:20:00,71053.97000000,71080.74000000,71053.97000000,71080.74000000,1.88303000,2026-04-13 02:20:59.999,133811.09347110,625,1.22462000,87019.43042820,0
2026-04-13 02:21:00,71080.74000000,71080.74000000,71066.52000000,71066.52000000,1.69881000,2026-04-13 02:21:59.999,120748.14656870,812,0.64723000,46003.09113180,0
2026-04-13 02:22:00,71066.52000000,71091.98000000,71066.52000000,71073.99000000,4.65340000,2026-04-13 02:22:59.999,330738.77461470,1140,3.52682000,250664.12984520,0
2026-04-13 02:23:00,71074.00000000,71100.00000000,71073.99000000,71099.99000000,17.72366000,2026-04-13 02:23:59.999,1259867.13324690,991,15.16032000,1077636.11494160,0
2026-04-13 02:24:00,71100.00000000,71123.79000000,71099.99000000,71123.79000000,8.21626000,2026-04-13 02:24:59.999,584263.83163180,1163,6.30926000,448647.68276790,0
2026-04-13 02:25:00,71123.79000000,71259.57000000,71123.78000000,71238.96000000,9.39419000,2026-04-13 02:25:59.999,669057.77176420,3509,6.05830000,431389.00714990,0
2026-04-13 02:26:00,71238.37000000,71240.77000000,71199.25000000,71199.26000000,3.03913000,2026-04-13 02:26:59.999,216446.03161750,2106,1.70094000,121144.59075140,0
2026-04-13 02:27:00,71199.25000000,71199.26000000,71179.40000000,71188.38000000,1.61758000,2026-04-13 02:27:59.999,115154.03192790,1347,0.50016000,35604.66590240,0
2026-04-13 02:28:00,71188.39000000,71207.91000000,71183.08000000,71200.77000000,2.52073000,2026-04-13 02:28:59.999,179446.30557560,1054,1.23776000,88114.75882390,0
2026-04-13 02:29:00,71200.78000000,71223.67000000,71191.43000000,71223.66000000,3.12262000,2026-04-13 02:29:59.999,222344.94946370,835,1.94160000,138254.12557010,0
2026-04-13 02:30:00,71223.67000000,71271.78000000,71223.66000000,71256.68000000,10.11028000,2026-04-13 02:30:59.999,720407.57012980,2880,4.79870000,341929.12463620,0
2026-04-13 02:31:00,71256.68000000,71256.69000000,71237.21000000,71242.00000000,3.12721000,2026-04-13 02:31:59.999,222808.05128140,1677,1.30299000,92829.37892950,0
2026-04-13 02:32:00,71242.00000000,71245.13000000,71201.78000000,71201.78000000,4.21556000,2026-04-13 02:32:59.999,300270.55950250,2258,1.66317000,118466.58369730,0
2026-04-13 02:33:00,71201.78000000,71201.78000000,71174.33000000,71199.53000000,2.25661000,2026-04-13 02:33:59.999,160635.17800950,1479,1.22206000,86983.61148260,0
2026-04-13 02:34:00,71199.54000000,71217.08000000,71193.55000000,71196.22000000,3.24898000,2026-04-13 02:34:59.999,231355.66408840,1419,1.16748000,83133.58175020,0
2026-04-13 02:35:00,71196.23000000,71217.08000000,71196.22000000,71200.70000000,2.13031000,2026-04-13 02:35:59.999,151697.35897020,925,0.81754000,58215.07964380,0
2026-04-13 02:36:00,71200.70000000,71200.71000000,71176.64000000,71176.64000000,5.57375000,2026-04-13 02:36:59.999,396815.67498970,1419,0.85507000,60875.90391370,0
2026-04-13 02:37:00,71176.64000000,71176.65000000,71120.00000000,71120.00000000,8.18337000,2026-04-13 02:37:59.999,582165.19026250,2078,1.22580000,87186.85688160,0
2026-04-13 02:38:00,71120.00000000,71120.01000000,71038.49000000,71070.21000000,8.04525000,2026-04-13 02:38:59.999,571817.96341040,3118,1.90680000,135481.73502410,0
2026-04-13 02:39:00,71070.21000000,71070.21000000,71041.78000000,71058.53000000,4.09388000,2026-04-13 02:39:59.999,290893.08049820,1035,0.36384000,25851.52005680,0
2026-04-13 02:40:00,71058.53000000,71086.21000000,71050.78000000,71062.37000000,13.40091000,2026-04-13 02:40:59.999,952415.12850570,1878,11.86502000,843251.38554080,0
2026-04-13 02:41:00,71062.37000000,71086.21000000,71062.37000000,71077.83000000,2.29377000,2026-04-13 02:41:59.999,163018.44330970,1338,1.09934000,78132.97094540,0
2026-04-13 02:42:00,71077.83000000,71088.00000000,71073.62000000,71078.59000000,1.61221000,2026-04-13 02:42:59.999,114590.63316450,875,0.49568000,35230.94878170,0
2026-04-13 02:43:00,71078.59000000,71078.59000000,71069.68000000,71069.69000000,0.95107000,2026-04-13 02:43:59.999,67595.35285200,438,0.33161000,23568.22115400,0
2026-04-13 02:44:00,71069.69000000,71074.79000000,71042.64000000,71042.64000000,6.01314000,2026-04-13 02:44:59.999,427319.78001270,1383,1.32045000,93838.04273840,0
2026-04-13 02:45:00,71042.63000000,71073.49000000,71037.07000000,71073.49000000,1.43405000,2026-04-13 02:45:59.999,101893.68784830,1118,0.73698000,52364.99883200,0
2026-04-13 02:46:00,71073.49000000,71077.83000000,71059.93000000,71059.94000000,1.49585000,2026-04-13 02:46:59.999,106302.56048580,729,0.28470000,20231.81800350,0
2026-04-13 02:47:00,71059.94000000,71064.53000000,71017.18000000,71036.88000000,5.27116000,2026-04-13 02:47:59.999,374447.10346910,1756,0.50855000,36125.80157850,0
2026-04-13 02:48:00,71036.87000000,71072.00000000,71029.76000000,71067.27000000,2.50016000,2026-04-13 02:48:59.999,177631.95775460,1090,0.70377000,50005.12812540,0
2026-04-13 02:49:00,71067.27000000,71067.27000000,71041.53000000,71055.53000000,4.62028000,2026-04-13 02:49:59.999,328277.05803920,1214,3.16614000,224949.87450640,0
2026-04-13 02:50:00,71055.53000000,71055.54000000,71040.26000000,71048.92000000,2.60444000,2026-04-13 02:50:59.999,185049.51484880,967,0.77190000,54845.73045620,0
2026-04-13 02:51:00,71048.92000000,71049.02000000,71038.47000000,71038.47000000,1.41009000,2026-04-13 02:51:59.999,100175.45394940,480,0.33083000,23503.17943430,0
2026-04-13 02:52:00,71038.48000000,71038.48000000,71001.95000000,71001.95000000,3.01458000,2026-04-13 02:52:59.999,214121.93450400,1226,0.78559000,55798.86186280,0
2026-04-13 02:53:00,71001.94000000,71037.49000000,70994.99000000,71037.48000000,4.04992000,2026-04-13 02:53:59.999,287575.77751120,1504,1.43791000,102104.70350230,0
2026-04-13 02:54:00,71037.49000000,71069.62000000,71037.48000000,71069.62000000,5.27492000,2026-04-13 02:54:59.999,374763.31765550,1170,4.41107000,313394.12775770,0
2026-04-13 02:55:00,71069.62000000,71081.12000000,71054.73000000,71073.13000000,5.69658000,2026-04-13 02:55:59.999,404841.67060830,1305,4.13557000,293906.65208850,0
2026-04-13 02:56:00,71073.14000000,71075.07000000,71062.77000000,71075.07000000,6.85526000,2026-04-13 02:56:59.999,487210.93391030,803,3.34053000,237418.86967150,0
2026-04-13 02:57:00,71075.07000000,71081.04000000,71075.06000000,71078.07000000,2.24558000,2026-04-13 02:57:59.999,159609.26993320,482,0.85228000,60577.64875900,0
2026-04-13 02:58:00,71078.06000000,71078.06000000,71054.93000000,71064.52000000,1.99625000,2026-04-13 02:58:59.999,141857.89189090,1161,0.45609000,32409.24292600,0
2026-04-13 02:59:00,71064.53000000,71073.14000000,71047.93000000,71073.14000000,12.36406000,2026-04-13 02:59:59.999,878635.25299890,1670,7.78921000,553518.14042710,0
2026-04-13 03:00:00,71073.14000000,71081.04000000,71062.34000000,71062.34000000,5.65498000,2026-04-13 03:00:59.999,401906.06495920,984,3.11069000,221087.15648390,0
2026-04-13 03:01:00,71062.34000000,71062.34000000,70995.23000000,70995.24000000,5.65760000,2026-04-13 03:01:59.999,401794.97341000,2589,1.16394000,82662.08093970,0
2026-04-13 03:02:00,70995.24000000,71015.93000000,70995.23000000,71006.88000000,2.65756000,2026-04-13 03:02:59.999,188720.03617510,903,0.60107000,42680.02016680,0
2026-04-13 03:03:00,71006.89000000,71032.38000000,70997.38000000,70997.38000000,5.66318000,2026-04-13 03:03:59.999,402177.02730440,1581,3.99728000,283874.02699850,0
2026-04-13 03:04:00,70997.37000000,71118.71000000,70992.53000000,71111.38000000,41.11711000,2026-04-13 03:04:59.999,2920518.95297240,3195,34.47904000,2448947.90313520,0
2026-04-13 03:05:00,71111.38000000,71111.38000000,71077.99000000,71100.87000000,7.20068000,2026-04-13 03:05:59.999,511941.39871210,2015,4.47133000,317891.13738280,0
2026-04-13 03:06:00,71100.88000000,71100.88000000,71064.52000000,71083.19000000,31.46695000,2026-04-13 03:06:59.999,2236740.41038540,1856,28.14582000,2000674.63597740,0
2026-04-13 03:07:00,71083.19000000,71100.87000000,71066.46000000,71066.46000000,1.67824000,2026-04-13 03:07:59.999,119291.59092090,1340,0.45569000,32392.07404750,0
2026-04-13 03:08:00,71066.46000000,71073.14000000,71038.50000000,71038.50000000,1.89296000,2026-04-13 03:08:59.999,134517.52388660,1298,0.55980000,39779.31874830,0
2026-04-13 03:09:00,71038.51000000,71040.00000000,71035.20000000,71035.20000000,2.60335000,2026-04-13 03:09:59.999,184934.59981200,643,1.16993000,83107.44251760,0
2026-04-13 03:10:00,71035.20000000,71058.00000000,71035.20000000,71050.68000000,3.94311000,2026-04-13 03:10:59.999,280149.50308470,1083,2.83554000,201452.45092340,0
2026-04-13 03:11:00,71050.68000000,71064.53000000,71044.37000000,71044.37000000,1.88806000,2026-04-13 03:11:59.999,134156.25726650,888,0.29041000,20635.10393000,0
2026-04-13 03:12:00,71044.37000000,71073.14000000,71044.37000000,71063.75000000,4.61089000,2026-04-13 03:12:59.999,327628.41961360,941,2.63539000,187237.86486170,0
2026-04-13 03:13:00,71063.75000000,71063.75000000,71044.25000000,71044.26000000,2.76893000,2026-04-13 03:13:59.999,196750.94447940,953,0.56702000,40290.84256610,0
2026-04-13 03:14:00,71044.26000000,71072.58000000,71031.93000000,71056.97000000,13.35066000,2026-04-13 03:14:59.999,948534.95262080,2114,9.11894000,647866.72257730,0
2026-04-13 03:15:00,71056.97000000,71066.85000000,71028.56000000,71028.56000000,3.33750000,2026-04-13 03:15:59.999,237126.09135370,1721,1.40866000,100085.93526550,0
2026-04-13 03:16:00,71028.56000000,71073.14000000,71028.56000000,71073.13000000,7.79438000,2026-04-13 03:16:59.999,553816.07492710,1561,4.59324000,326344.31823250,0
2026-04-13 03:17:00,71073.14000000,71114.88000000,71073.13000000,71110.25000000,12.28347000,2026-04-13 03:17:59.999,873348.91545830,1428,7.53116000,535415.15744650,0
2026-04-13 03:18:00,71110.26000000,71155.42000000,71110.26000000,71148.00000000,6.98016000,2026-04-13 03:18:59.999,496560.86968850,1202,5.46889000,389049.30438640,0
2026-04-13 03:19:00,71148.00000000,71148.01000000,71124.22000000,71139.00000000,6.94510000,2026-04-13 03:19:59.999,494002.86305160,1453,3.44004000,244684.93050760,0
2026-04-13 03:20:00,71139.00000000,71146.88000000,71070.56000000,71070.56000000,11.67083000,2026-04-13 03:20:59.999,830134.70879520,2028,2.81681000,200384.35967210,0
2026-04-13 03:21:00,71070.57000000,71097.00000000,71065.61000000,71085.60000000,6.64486000,2026-04-13 03:21:59.999,472292.21741890,1849,5.37530000,382047.77825740,0
2026-04-13 03:22:00,71085.61000000,71088.02000000,71037.07000000,71044.00000000,4.58953000,2026-04-13 03:22:59.999,326140.44779370,2066,1.09398000,77741.13109740,0
2026-04-13 03:23:00,71044.00000000,71044.00000000,71002.15000000,71017.66000000,4.08067000,2026-04-13 03:23:59.999,289792.37038300,1534,2.10389000,149402.37130610,0
2026-04-13 03:24:00,71017.66000000,71017.66000000,71012.61000000,71017.64000000,1.70344000,2026-04-13 03:24:59.999,120973.79392400,376,0.87170000,61905.97787060,0
2026-04-13 03:25:00,71017.64000000,71034.31000000,71000.00000000,71000.01000000,4.86282000,2026-04-13 03:25:59.999,345362.10747240,1856,1.49866000,106430.01966440,0
2026-04-13 03:26:00,71000.00000000,71055.74000000,71000.00000000,71053.91000000,5.90067000,2026-04-13 03:26:59.999,419099.80311360,1375,4.95418000,351882.20388260,0
2026-04-13 03:27:00,71053.92000000,71067.62000000,71049.04000000,71067.62000000,7.16166000,2026-04-13 03:27:59.999,508910.06507760,1257,5.75223000,408754.90803450,0
2026-04-13 03:28:00,71067.61000000,71073.14000000,71065.54000000,71073.13000000,2.14330000,2026-04-13 03:28:59.999,152326.83675150,439,0.73844000,52482.09849760,0
2026-04-13 03:29:00,71073.14000000,71073.14000000,71029.55000000,71029.55000000,7.19073000,2026-04-13 03:29:59.999,510949.24830970,1867,3.69560000,262596.54258710,0
2026-04-13 03:30:00,71029.55000000,71042.62000000,71013.93000000,71036.79000000,2.55502000,2026-04-13 03:30:59.999,181486.55945010,1860,0.89300000,63430.86753760,0
2026-04-13 03:31:00,71036.80000000,71056.28000000,71036.80000000,71054.48000000,5.47061000,2026-04-13 03:31:59.999,388653.82208240,741,2.80055000,198966.17401500,0
2026-04-13 03:32:00,71054.48000000,71054.48000000,71037.75000000,71037.76000000,3.30350000,2026-04-13 03:32:59.999,234699.64603680,913,1.80541000,128266.21078360,0
2026-04-13 03:33:00,71037.76000000,71037.76000000,71019.05000000,71019.05000000,1.92677000,2026-04-13 03:33:59.999,136853.18792550,815,0.40745000,28938.93850820,0
2026-04-13 03:34:00,71019.05000000,71042.00000000,71018.01000000,71025.58000000,2.81312000,2026-04-13 03:34:59.999,199819.28266910,1327,0.65690000,46658.33360450,0
2026-04-13 03:35:00,71025.58000000,71032.00000000,71018.00000000,71022.02000000,2.41982000,2026-04-13 03:35:59.999,171863.12345180,1022,0.61333000,43559.21179440,0
2026-04-13 03:36:00,71022.02000000,71022.02000000,70954.72000000,70960.36000000,6.11293000,2026-04-13 03:36:59.999,433989.82207110,2354,0.35257000,25024.72293320,0
2026-04-13 03:37:00,70960.37000000,70975.44000000,70960.36000000,70971.10000000,6.10621000,2026-04-13 03:37:59.999,433333.88928260,1020,3.46153000,245643.23356060,0
2026-04-13 03:38:00,70971.10000000,70982.18000000,70928.46000000,70938.62000000,5.75775000,2026-04-13 03:38:59.999,408511.60487100,2067,0.87687000,62211.01980730,0
2026-04-13 03:39:00,70938.61000000,70954.85000000,70917.27000000,70954.72000000,10.67924000,2026-04-13 03:39:59.999,757516.36673080,1767,5.12049000,363226.88914360,0
2026-04-13 03:40:00,70954.73000000,70989.91000000,70954.72000000,70974.87000000,9.58721000,2026-04-13 03:40:59.999,680351.19827070,1300,7.53039000,534350.66507370,0
2026-04-13 03:41:00,70974.87000000,70980.62000000,70964.17000000,70964.69000000,2.75612000,2026-04-13 03:41:59.999,195613.39839860,954,0.33097000,23489.56455160,0
2026-04-13 03:42:00,70964.69000000,70989.91000000,70964.69000000,70969.83000000,3.50120000,2026-04-13 03:42:59.999,248505.40859330,1036,0.91611000,65024.27529530,0
2026-04-13 03:43:00,70969.82000000,70969.83000000,70954.91000000,70962.17000000,2.19263000,2026-04-13 03:43:59.999,155588.85961310,940,1.15669000,82077.29569570,0
2026-04-13 03:44:00,70962.17000000,70974.96000000,70962.16000000,70973.43000000,4.68454000,2026-04-13 03:44:59.999,332450.85907670,1224,3.26659000,231815.06888740,0
2026-04-13 03:45:00,70973.43000000,70973.44000000,70949.90000000,70949.90000000,2.26069000,2026-04-13 03:45:59.999,160423.87816490,978,0.44863000,31836.39480660,0
2026-04-13 03:46:00,70949.91000000,70949.91000000,70929.14000000,70934.42000000,5.33447000,2026-04-13 03:46:59.999,378383.27477110,1009,2.43807000,172931.80002650,0
2026-04-13 03:47:00,70934.43000000,70941.32000000,70929.15000000,70941.31000000,9.77084000,2026-04-13 03:47:59.999,693070.72805470,569,2.74567000,194761.26660990,0
2026-04-13 03:48:00,70941.32000000,70950.00000000,70941.31000000,70946.41000000,2.00174000,2026-04-13 03:48:59.999,142012.93584270,524,0.88496000,62782.44430070,0
2026-04-13 03:49:00,70946.40000000,70962.00000000,70946.40000000,70961.99000000,2.40125000,2026-04-13 03:49:59.999,170377.73657570,582,1.63097000,115721.77077000,0
2026-04-13 03:50:00,70962.00000000,70974.56000000,70961.99000000,70971.19000000,3.39459000,2026-04-13 03:50:59.999,240892.26604630,572,2.69263000,191076.33185770,0
2026-04-13 03:51:00,70971.18000000,70971.19000000,70953.92000000,70959.70000000,1.82692000,2026-04-13 03:51:59.999,129645.90283350,888,0.43273000,30710.06463790,0
2026-04-13 03:52:00,70959.70000000,70975.01000000,70953.91000000,70975.01000000,6.33292000,2026-04-13 03:52:59.999,449390.06385670,720,3.06679000,217624.13453310,0
2026-04-13 03:53:00,70975.00000000,70985.43000000,70975.00000000,70985.43000000,1.66654000,2026-04-13 03:53:59.999,118292.02600080,457,0.42727000,30327.89171780,0
2026-04-13 03:54:00,70985.42000000,70985.42000000,70966.83000000,70982.18000000,2.38293000,2026-04-13 03:54:59.999,169125.03566240,943,0.62351000,44251.37747390,0
2026-04-13 03:55:00,70982.18000000,70982.18000000,70982.17000000,70982.17000000,1.47598000,2026-04-13 03:55:59.999,104768.26528270,162,0.20061000,14239.73512980,0
2026-04-13 03:56:00,70982.18000000,70989.91000000,70982.17000000,70988.90000000,3.28311000,2026-04-13 03:56:59.999,233056.65056490,932,2.19458000,155786.96676870,0
2026-04-13 03:57:00,70988.90000000,71000.00000000,70988.90000000,70999.99000000,6.41259000,2026-04-13 03:57:59.999,455274.58357470,691,2.63686000,187201.20950450,0
2026-04-13 03:58:00,70999.99000000,71000.00000000,70981.90000000,70982.18000000,1.36122000,2026-04-13 03:58:59.999,96640.43805370,748,0.13675000,9708.17133520,0
2026-04-13 03:59:00,70982.18000000,71000.00000000,70975.99000000,70976.00000000,3.70026000,2026-04-13 03:59:59.999,262681.24025090,1214,2.40406000,170663.84884300,0
2026-04-13 04:00:00,70975.99000000,70995.30000000,70975.99000000,70990.92000000,4.26499000,2026-04-13 04:00:59.999,302768.21008100,919,2.89382000,205428.02571690,0
2026-04-13 04:01:00,70990.93000000,71000.00000000,70990.92000000,70999.99000000,6.69299000,2026-04-13 04:01:59.999,475175.34634160,445,5.59774000,397414.77243210,0
2026-04-13 04:02:00,71000.00000000,71000.00000000,70978.62000000,70979.67000000,3.39360000,2026-04-13 04:02:59.999,240899.05821620,1403,1.53152000,108721.08685310,0
2026-04-13 04:03:00,70979.68000000,70989.91000000,70978.29000000,70986.95000000,2.25780000,2026-04-13 04:03:59.999,160274.54993870,725,1.24518000,88392.35972570,0
2026-04-13 04:04:00,70986.95000000,70987.10000000,70960.82000000,70987.10000000,6.64279000,2026-04-13 04:04:59.999,471492.35256760,1888,4.46196000,316698.74827390,0
2026-04-13 04:05:00,70987.11000000,70987.11000000,70964.63000000,70968.22000000,2.13779000,2026-04-13 04:05:59.999,151721.66814740,982,0.70356000,49931.08681170,0
2026-04-13 04:06:00,70968.22000000,70968.22000000,70953.69000000,70953.69000000,6.21746000,2026-04-13 04:06:59.999,441219.84004020,865,4.01436000,284889.79726450,0
2026-04-13 04:07:00,70953.69000000,70953.69000000,70924.86000000,70924.86000000,3.54452000,2026-04-13 04:07:59.999,251440.62933980,998,0.24683000,17509.43686280,0
2026-04-13 04:08:00,70924.85000000,70934.43000000,70920.86000000,70934.43000000,1.38020000,2026-04-13 04:08:59.999,97892.54983020,651,0.58114000,41219.31608960,0
2026-04-13 04:09:00,70934.43000000,70950.65000000,70934.42000000,70942.69000000,9.47854000,2026-04-13 04:09:59.999,672381.57632860,1322,7.74998000,549744.34619500,0
2026-04-13 04:10:00,70942.68000000,70942.69000000,70907.28000000,70910.24000000,5.94798000,2026-04-13 04:10:59.999,421821.49572310,1347,0.23224000,16471.74143390,0
2026-04-13 04:11:00,70910.25000000,70934.43000000,70910.25000000,70934.42000000,3.25495000,2026-04-13 04:11:59.999,230866.93645770,934,1.89502000,134407.31710400,0
2026-04-13 04:12:00,70934.43000000,70949.58000000,70934.42000000,70945.34000000,9.24734000,2026-04-13 04:12:59.999,655973.24301180,465,8.48845000,602138.68051190,0
2026-04-13 04:13:00,70945.34000000,70952.06000000,70944.00000000,70944.01000000,4.34315000,2026-04-13 04:13:59.999,308145.13982040,785,1.64753000,116892.73975190,0
2026-04-13 04:14:00,70944.00000000,70954.73000000,70942.87000000,70951.74000000,3.75833000,2026-04-13 04:14:59.999,266648.21665780,659,0.60559000,42965.09378560,0
2026-04-13 04:15:00,70951.74000000,70962.17000000,70951.74000000,70962.17000000,13.30865000,2026-04-13 04:15:59.999,944395.19935100,821,9.88332000,701328.56864240,0
2026-04-13 04:16:00,70962.17000000,70962.17000000,70959.46000000,70959.47000000,5.16079000,2026-04-13 04:16:59.999,366218.82846710,340,4.09367000,290494.54654390,0
2026-04-13 04:17:00,70959.46000000,70959.47000000,70914.68000000,70924.86000000,5.04446000,2026-04-13 04:17:59.999,357816.58435550,1675,0.58309000,41352.21566650,0
2026-04-13 04:18:00,70924.87000000,70954.10000000,70924.86000000,70949.40000000,9.86792000,2026-04-13 04:18:59.999,699998.47973130,1069,8.69768000,616976.15726960,0
2026-04-13 04:19:00,70949.40000000,70962.17000000,70940.80000000,70962.17000000,3.83767000,2026-04-13 04:19:59.999,272294.26340790,1127,2.74006000,194419.68383280,0
2026-04-13 04:20:00,70962.16000000,70985.81000000,70962.16000000,70984.62000000,12.63853000,2026-04-13 04:20:59.999,896952.14415430,601,11.33724000,804589.52524770,0
2026-04-13 04:21:00,70984.62000000,70988.86000000,70972.00000000,70988.86000000,5.25714000,2026-04-13 04:21:59.999,373160.35228170,1886,1.74261000,123696.02764540,0
2026-04-13 04:22:00,70988.85000000,70988.86000000,70961.61000000,70961.61000000,4.36151000,2026-04-13 04:22:59.999,309557.19613050,1028,1.31472000,93309.88655860,0
2026-04-13 04:23:00,70961.62000000,70961.62000000,70954.62000000,70954.63000000,3.59403000,2026-04-13 04:23:59.999,255014.00569070,559,1.92023000,136249.47996630,0
2026-04-13 04:24:00,70954.62000000,70962.16000000,70954.62000000,70962.15000000,2.79545000,2026-04-13 04:24:59.999,198351.15793000,499,0.94469000,67030.39243450,0
2026-04-13 04:25:00,70962.16000000,70981.15000000,70962.16000000,70981.15000000,9.95246000,2026-04-13 04:25:59.999,706271.59157190,538,8.63101000,612484.57100380,0
2026-04-13 04:26:00,70981.15000000,71029.09000000,70981.15000000,71029.08000000,20.58867000,2026-04-13 04:26:59.999,1461889.62033250,1480,19.10901000,1356823.35262490,0
2026-04-13 04:27:00,71029.09000000,71038.48000000,71015.25000000,71023.99000000,11.16157000,2026-04-13 04:27:59.999,792835.32617420,1165,1.14991000,81670.15428660,0
2026-04-13 04:28:00,71024.00000000,71043.87000000,71023.99000000,71043.86000000,4.11932000,2026-04-13 04:28:59.999,292604.26615700,620,3.03949000,215901.17181940,0
2026-04-13 04:29:00,71043.87000000,71043.87000000,71029.97000000,71029.98000000,4.50351000,2026-04-13 04:29:59.999,319934.66202300,463,2.11797000,150465.90068560,0
2026-04-13 04:30:00,71029.97000000,71043.94000000,71029.32000000,71043.93000000,3.29845000,2026-04-13 04:30:59.999,234311.95391320,1012,1.76662000,125498.13451060,0
2026-04-13 04:31:00,71043.94000000,71091.73000000,71043.93000000,71083.23000000,15.87376000,2026-04-13 04:31:59.999,1127935.67466870,1938,14.29854000,1015989.91173720,0
2026-04-13 04:32:00,71083.23000000,71096.50000000,71083.23000000,71092.14000000,4.49047000,2026-04-13 04:32:59.999,319232.78070740,1032,3.05918000,217478.21803640,0
2026-04-13 04:33:00,71092.14000000,71096.50000000,71073.82000000,71091.98000000,3.83701000,2026-04-13 04:33:59.999,272772.66380470,1123,2.07703000,147655.14991150,0
2026-04-13 04:34:00,71091.98000000,71096.50000000,71082.91000000,71096.49000000,4.91296000,2026-04-13 04:34:59.999,349269.92092140,990,2.75284000,195698.27693360,0
2026-04-13 04:35:00,71096.50000000,71109.99000000,71088.00000000,71109.99000000,18.51726000,2026-04-13 04:35:59.999,1316553.41746010,1349,14.09591000,1002203.69438830,0
2026-04-13 04:36:00,71109.99000000,71110.00000000,71082.81000000,71082.82000000,12.83441000,2026-04-13 04:36:59.999,912482.91343210,1646,5.38948000,383170.67537980,0
2026-04-13 04:37:00,71082.81000000,71082.82000000,71055.56000000,71055.57000000,5.63391000,2026-04-13 04:37:59.999,400359.48129820,1383,0.46947000,33361.50418940,0
2026-04-13 04:38:00,71055.57000000,71070.22000000,71055.56000000,71070.22000000,1.64728000,2026-04-13 04:38:59.999,117062.32212500,543,0.84959000,60376.59373390,0
2026-04-13 04:39:00,71070.22000000,71119.99000000,71063.60000000,71119.99000000,83.38065000,2026-04-13 04:39:59.999,5927621.67592790,1417,64.37795000,4576470.61834110,0
2026-04-13 04:40:00,71119.99000000,71144.00000000,71105.00000000,71115.22000000,95.25218000,2026-04-13 04:40:59.999,6774460.04536530,4024,15.24410000,1084243.21087940,0
2026-04-13 04:41:00,71115.21000000,71115.22000000,71096.73000000,71096.73000000,8.11127000,2026-04-13 04:41:59.999,576750.04773620,807,1.50837000,107240.50079780,0
2026-04-13 04:42:00,71096.74000000,71100.88000000,71096.74000000,71100.88000000,2.85132000,2026-04-13 04:42:59.999,202729.89031470,427,1.74870000,124332.99877480,0
2026-04-13 04:43:00,71100.88000000,71100.88000000,71068.65000000,71068.66000000,8.17972000,2026-04-13 04:43:59.999,581513.81557470,1559,1.07819000,76644.51198900,0
2026-04-13 04:44:00,71068.65000000,71068.66000000,71023.50000000,71023.50000000,5.38172000,2026-04-13 04:44:59.999,382376.83500760,1588,0.52365000,37201.28033920,0
2026-04-13 04:45:00,71023.50000000,71023.51000000,70974.58000000,70974.58000000,4.43047000,2026-04-13 04:45:59.999,314543.54000300,1513,0.40843000,28990.26045990,0
2026-04-13 04:46:00,70974.59000000,70989.91000000,70974.58000000,70989.90000000,5.90462000,2026-04-13 04:46:59.999,419163.06435950,568,4.90938000,348512.49809420,0
2026-04-13 04:47:00,70989.91000000,70989.91000000,70989.90000000,70989.91000000,1.48821000,2026-04-13 04:47:59.999,105647.87997100,185,0.08920000,6332.29997200,0
2026-04-13 04:48:00,70989.90000000,70991.37000000,70982.25000000,70982.25000000,8.93640000,2026-04-13 04:48:59.999,634397.54964350,652,6.54753000,464809.73619290,0
2026-04-13 04:49:00,70982.25000000,70982.25000000,70955.83000000,70964.41000000,8.76604000,2026-04-13 04:49:59.999,622066.94111240,1248,6.78094000,481190.09663560,0
2026-04-13 04:50:00,70964.42000000,70964.42000000,70888.00000000,70888.01000000,14.25322000,2026-04-13 04:50:59.999,1010882.22768580,2673,0.54838000,38896.51904260,0
2026-04-13 04:51:00,70888.00000000,70888.01000000,70854.29000000,70855.74000000,12.10731000,2026-04-13 04:51:59.999,858097.90238330,3202,5.53998000,392659.48915660,0
2026-04-13 04:52:00,70855.75000000,70878.95000000,70855.74000000,70878.95000000,3.77100000,2026-04-13 04:52:59.999,267237.26962180,1720,2.52115000,178662.24136930,0
2026-04-13 04:53:00,70878.94000000,70899.83000000,70874.72000000,70899.83000000,8.58828000,2026-04-13 04:53:59.999,608757.95263040,885,7.99657000,566818.37447880,0
2026-04-13 04:54:00,70899.82000000,70920.89000000,70899.82000000,70912.53000000,10.03971000,2026-04-13 04:54:59.999,711893.45146000,1254,8.26301000,585907.28045040,0
2026-04-13 04:55:00,70912.53000000,70950.73000000,70912.53000000,70941.67000000,12.31282000,2026-04-13 04:55:59.999,873404.50264510,1800,10.82232000,767661.92281400,0
2026-04-13 04:56:00,70941.67000000,70960.73000000,70935.63000000,70950.29000000,14.43346000,2026-04-13 04:56:59.999,1023972.61679610,1531,11.75863000,834182.60015130,0
2026-04-13 04:57:00,70950.30000000,70950.30000000,70921.61000000,70921.62000000,4.70605000,2026-04-13 04:57:59.999,333815.92068970,974,1.02901000,72992.78328420,0
2026-04-13 04:58:00,70921.62000000,70934.43000000,70914.58000000,70914.58000000,6.00961000,2026-04-13 04:58:59.999,426265.82758600,1384,0.64837000,45987.24051940,0
2026-04-13 04:59:00,70914.59000000,70914.59000000,70890.30000000,70890.30000000,5.76940000,2026-04-13 04:59:59.999,409101.76637530,1158,0.97548000,69166.52364200,0
2026-04-13 05:00:00,70890.30000000,70906.13000000,70886.00000000,70886.01000000,3.21956000,2026-04-13 05:00:59.999,228258.75250770,1283,1.74610000,123794.48937250,0
2026-04-13 05:01:00,70886.00000000,70899.82000000,70877.31000000,70893.68000000,9.72520000,2026-04-13 05:01:59.999,689350.73737830,1243,7.88237000,558714.18348240,0
2026-04-13 05:02:00,70893.69000000,70920.00000000,70893.69000000,70903.42000000,9.59287000,2026-04-13 05:02:59.999,680207.47030900,1457,8.04528000,570467.76748440,0
2026-04-13 05:03:00,70903.42000000,70912.52000000,70893.61000000,70900.69000000,2.49452000,2026-04-13 05:03:59.999,176853.57508420,829,1.83692000,130228.92161110,0
2026-04-13 05:04:00,70900.69000000,70900.69000000,70872.85000000,70882.17000000,43.00221000,2026-04-13 05:04:59.999,3048374.09622910,1507,24.47230000,1734704.08304890,0
2026-04-13 05:05:00,70882.17000000,70892.01000000,70866.65000000,70877.70000000,54.64830000,2026-04-13 05:05:59.999,3873109.13764760,2797,12.84680000,910475.25338360,0
2026-04-13 05:06:00,70877.70000000,70877.70000000,70836.79000000,70846.33000000,18.54292000,2026-04-13 05:06:59.999,1313804.01142740,2712,8.25550000,584898.05196500,0
2026-04-13 05:07:00,70846.33000000,70868.17000000,70846.33000000,70868.16000000,14.93610000,2026-04-13 05:07:59.999,1058324.37205380,958,13.68971000,970011.33327420,0
2026-04-13 05:08:00,70868.17000000,70868.17000000,70856.06000000,70859.97000000,1.15092000,2026-04-13 05:08:59.999,81557.91125920,672,0.52739000,37371.78882690,0
2026-04-13 05:09:00,70859.97000000,70859.97000000,70817.46000000,70817.47000000,3.26304000,2026-04-13 05:09:59.999,231154.14664020,1572,0.44004000,31178.86486400,0
2026-04-13 05:10:00,70817.46000000,70833.68000000,70817.46000000,70833.68000000,6.07741000,2026-04-13 05:10:59.999,430430.14191040,668,5.45592000,386410.83990610,0
2026-04-13 05:11:00,70833.68000000,70844.51000000,70787.86000000,70795.72000000,11.26208000,2026-04-13 05:11:59.999,797437.09056390,2652,2.34463000,166063.37593520,0
2026-04-13 05:12:00,70795.71000000,70807.37000000,70794.63000000,70794.63000000,10.57311000,2026-04-13 05:12:59.999,748577.80250370,1094,8.29929000,587591.20172900,0
2026-04-13 05:13:00,70794.64000000,70822.66000000,70794.63000000,70812.88000000,9.23924000,2026-04-13 05:13:59.999,654156.12545070,1037,7.17304000,507848.30189210,0
2026-04-13 05:14:00,70812.89000000,70823.46000000,70812.89000000,70823.44000000,4.02615000,2026-04-13 05:14:59.999,285131.84549010,609,3.29167000,233115.22861340,0
2026-04-13 05:15:00,70823.45000000,70867.03000000,70823.44000000,70837.56000000,8.85879000,2026-04-13 05:15:59.999,627532.64260070,1834,7.07362000,501035.47159080,0
2026-04-13 05:16:00,70837.56000000,70871.77000000,70837.55000000,70870.29000000,7.82386000,2026-04-13 05:16:59.999,554360.03001840,945,7.18095000,508800.65681590,0
2026-04-13 05:17:00,70870.29000000,70870.29000000,70835.04000000,70835.05000000,5.32672000,2026-04-13 05:17:59.999,377423.18229290,1329,1.23148000,87260.61906350,0
2026-04-13 05:18:00,70835.05000000,70844.93000000,70834.69000000,70834.70000000,1.54209000,2026-04-13 05:18:59.999,109239.69473420,710,0.84529000,59879.07035360,0
2026-04-13 05:19:00,70834.70000000,70834.70000000,70822.64000000,70824.29000000,4.17548000,2026-04-13 05:19:59.999,295753.65634480,950,1.10481000,78252.07539320,0
2026-04-13 05:20:00,70824.30000000,70824.30000000,70800.32000000,70813.64000000,6.01269000,2026-04-13 05:20:59.999,425773.20473170,2474,2.32143000,164379.26165110,0
2026-04-13 05:21:00,70813.64000000,70817.47000000,70781.96000000,70781.96000000,5.62543000,2026-04-13 05:21:59.999,398286.96343610,1571,0.66275000,46929.29689230,0
2026-04-13 05:22:00,70781.95000000,70848.94000000,70766.40000000,70845.12000000,11.07819000,2026-04-13 05:22:59.999,784518.98824720,2591,8.21661000,581857.32442430,0
2026-04-13 05:23:00,70845.11000000,70845.12000000,70814.00000000,70833.67000000,12.91446000,2026-04-13 05:23:59.999,914608.14166010,1335,10.80896000,765473.09839620,0
2026-04-13 05:24:00,70833.68000000,70848.36000000,70830.85000000,70833.68000000,3.09019000,2026-04-13 05:24:59.999,218903.54798310,978,1.11820000,79210.44260490,0
2026-04-13 05:25:00,70833.67000000,70841.44000000,70830.68000000,70833.68000000,2.09960000,2026-04-13 05:25:59.999,148721.89716240,851,1.22397000,86697.62876610,0
2026-04-13 05:26:00,70833.67000000,70833.67000000,70826.25000000,70831.28000000,1.23844000,2026-04-13 05:26:59.999,87718.98046250,574,0.48757000,34534.54594400,0
2026-04-13 05:27:00,70831.27000000,70859.97000000,70831.27000000,70859.97000000,6.72198000,2026-04-13 05:27:59.999,476255.26979710,762,6.01053000,425843.17883130,0
2026-04-13 05:28:00,70859.97000000,70870.70000000,70859.96000000,70868.43000000,3.42489000,2026-04-13 05:28:59.999,242715.24001070,585,0.86683000,61428.61937890,0
2026-04-13 05:29:00,70868.43000000,70868.44000000,70860.00000000,70860.01000000,4.50543000,2026-04-13 05:29:59.999,319283.87972100,722,0.26479000,18764.77107570,0
2026-04-13 05:30:00,70860.01000000,70860.01000000,70849.15000000,70849.16000000,4.86438000,2026-04-13 05:30:59.999,344653.18222760,828,1.78119000,126198.17523100,0
2026-04-13 05:31:00,70849.15000000,70849.16000000,70790.01000000,70790.01000000,9.05018000,2026-04-13 05:31:59.999,640922.82120220,2123,0.69124000,48947.59135630,0
2026-04-13 05:32:00,70790.02000000,70807.40000000,70752.73000000,70807.40000000,12.76924000,2026-04-13 05:32:59.999,903871.89023950,2345,6.23802000,441575.66616310,0
2026-04-13 05:33:00,70807.40000000,70807.40000000,70804.86000000,70804.86000000,2.60309000,2026-04-13 05:33:59.999,184316.38494120,383,0.21815000,15446.55997860,0
2026-04-13 05:34:00,70804.86000000,70807.40000000,70775.50000000,70792.13000000,7.86943000,2026-04-13 05:34:59.999,557075.78180640,1321,3.23957000,229326.48842170,0
2026-04-13 05:35:00,70792.13000000,70807.40000000,70792.13000000,70796.29000000,6.62099000,2026-04-13 05:35:59.999,468750.83158450,919,4.42384000,313191.70790110,0
2026-04-13 05:36:00,70796.28000000,70806.17000000,70781.10000000,70787.69000000,12.08787000,2026-04-13 05:36:59.999,855696.09716990,2095,7.73646000,547663.62451950,0
2026-04-13 05:37:00,70787.70000000,70805.62000000,70750.00000000,70750.00000000,19.90471000,2026-04-13 05:37:59.999,1408968.40121970,2273,7.09521000,502256.52318220,0
2026-04-13 05:38:00,70750.00000000,70767.98000000,70744.49000000,70744.50000000,6.55507000,2026-04-13 05:38:59.999,463807.56089780,1414,1.30113000,92065.85807150,0
2026-04-13 05:39:00,70744.49000000,70744.49000000,70672.72000000,70705.19000000,19.00700000,2026-04-13 05:39:59.999,1343967.20101910,4217,1.83625000,129830.26852910,0
2026-04-13 05:40:00,70705.18000000,70740.24000000,70705.18000000,70740.23000000,8.47200000,2026-04-13 05:40:59.999,599115.86545020,1192,7.76040000,548791.72619570,0
2026-04-13 05:41:00,70740.24000000,70760.13000000,70740.24000000,70760.13000000,5.29046000,2026-04-13 05:41:59.999,374278.31789220,548,4.47498000,316578.30792970,0
2026-04-13 05:42:00,70760.13000000,70767.16000000,70757.37000000,70767.16000000,2.25290000,2026-04-13 05:42:59.999,159418.61826060,738,1.37522000,97308.96040760,0
2026-04-13 05:43:00,70767.16000000,70775.84000000,70752.12000000,70752.12000000,6.93263000,2026-04-13 05:43:59.999,490616.13620340,1473,1.30492000,92353.79352440,0
2026-04-13 05:44:00,70752.12000000,70752.13000000,70728.37000000,70747.21000000,7.24849000,2026-04-13 05:44:59.999,512753.80444540,1421,1.20299000,85091.33650480,0
2026-04-13 05:45:00,70747.21000000,70781.12000000,70747.21000000,70781.11000000,5.57323000,2026-04-13 05:45:59.999,394397.96632700,1633,2.52293000,178537.24196680,0
2026-04-13 05:46:00,70781.12000000,70870.00000000,70781.12000000,70854.01000000,24.46268000,2026-04-13 05:46:59.999,1732903.15816360,3130,20.58220000,1458002.74691530,0
2026-04-13 05:47:00,70854.01000000,70868.87000000,70809.75000000,70809.75000000,11.60402000,2026-04-13 05:47:59.999,822180.33396530,1751,5.45748000,386711.43857190,0
2026-04-13 05:48:00,70809.75000000,70833.68000000,70805.08000000,70828.03000000,2.61560000,2026-04-13 05:48:59.999,185231.00494010,1305,1.48129000,104896.81137660,0
2026-04-13 05:49:00,70828.03000000,70828.03000000,70822.78000000,70822.78000000,1.29172000,2026-04-13 05:49:59.999,91486.32939900,448,0.09515000,6739.08417030,0
2026-04-13 05:50:00,70822.78000000,70833.68000000,70822.78000000,70828.00000000,1.80175000,2026-04-13 05:50:59.999,127617.80798440,523,0.33011000,23380.87115010,0
2026-04-13 05:51:00,70827.99000000,70843.68000000,70816.08000000,70843.68000000,2.81760000,2026-04-13 05:51:59.999,199571.99035140,1092,1.45752000,103237.30386150,0
2026-04-13 05:52:00,70843.67000000,70843.67000000,70828.72000000,70833.68000000,2.29628000,2026-04-13 05:52:59.999,162657.34818560,869,0.98478000,69756.19612790,0
2026-04-13 05:53:00,70833.67000000,70840.63000000,70833.67000000,70840.63000000,2.41496000,2026-04-13 05:53:59.999,171061.54765640,584,1.38763000,98291.20769000,0
2026-04-13 05:54:00,70840.62000000,70844.69000000,70836.88000000,70836.88000000,2.54520000,2026-04-13 05:54:59.999,180304.49386600,676,0.74472000,52755.50477080,0
2026-04-13 05:55:00,70836.88000000,70851.21000000,70836.88000000,70851.20000000,2.79599000,2026-04-13 05:55:59.999,198096.61859850,701,1.79229000,126984.00275120,0
2026-04-13 05:56:00,70851.21000000,70889.24000000,70851.20000000,70872.36000000,25.51701000,2026-04-13 05:56:59.999,1808420.41931380,1815,23.41954000,1659747.07235360,0
2026-04-13 05:57:00,70872.37000000,70872.37000000,70853.41000000,70860.40000000,11.67589000,2026-04-13 05:57:59.999,827355.59235420,953,7.96654000,564502.16380390,0
2026-04-13 05:58:00,70860.39000000,70860.40000000,70844.62000000,70851.20000000,8.35565000,2026-04-13 05:58:59.999,592010.75341590,1358,5.31815000,376793.38794780,0
2026-04-13 05:59:00,70851.20000000,70878.83000000,70851.20000000,70878.82000000,9.98156000,2026-04-13 05:59:59.999,707230.00963110,935,8.90232000,630760.83975840,0
2026-04-13 06:00:00,70878.82000000,70906.69000000,70878.82000000,70906.68000000,9.23303000,2026-04-13 06:00:59.999,654448.73337670,946,8.55931000,606690.31819490,0
2026-04-13 06:01:00,70906.68000000,70930.00000000,70906.68000000,70909.03000000,13.07398000,2026-04-13 06:01:59.999,927092.80767280,2534,10.72796000,760720.18165330,0
2026-04-13 06:02:00,70909.04000000,70927.66000000,70905.00000000,70927.65000000,10.58837000,2026-04-13 06:02:59.999,750801.78868820,1257,8.38976000,594901.01258550,0
2026-04-13 06:03:00,70927.65000000,70952.00000000,70927.65000000,70947.79000000,14.17028000,2026-04-13 06:03:59.999,1005215.41189070,1312,12.89640000,914848.52869650,0
2026-04-13 06:04:00,70947.79000000,70974.56000000,70947.78000000,70974.56000000,17.23957000,2026-04-13 06:04:59.999,1223304.15977180,1707,13.38460000,949763.27693150,0
2026-04-13 06:05:00,70974.56000000,70989.91000000,70974.56000000,70981.64000000,6.20942000,2026-04-13 06:05:59.999,440764.25876620,1618,3.24722000,230495.51772190,0
2026-04-13 06:06:00,70981.65000000,70987.12000000,70980.19000000,70987.11000000,2.21592000,2026-04-13 06:06:59.999,157288.95860390,486,1.13561000,80607.11948560,0
2026-04-13 06:07:00,70987.12000000,70989.91000000,70982.82000000,70989.91000000,11.26384000,2026-04-13 06:07:59.999,799616.48467970,781,7.96823000,565662.10449000,0
2026-04-13 06:08:00,70989.90000000,71000.00000000,70984.69000000,70984.69000000,23.51637000,2026-04-13 06:08:59.999,1669473.97790010,1234,20.22325000,1435688.05388850,0
2026-04-13 06:09:00,70984.69000000,70989.90000000,70980.28000000,70989.90000000,4.18765000,2026-04-13 06:09:59.999,297262.71530980,622,2.51266000,178361.93287050,0
2026-04-13 06:10:00,70989.90000000,70989.90000000,70977.71000000,70978.99000000,1.95507000,2026-04-13 06:10:59.999,138779.31403200,746,0.57972000,41147.43522110,0
2026-04-13 06:11:00,70979.00000000,70989.91000000,70978.99000000,70989.90000000,4.39702000,2026-04-13 06:11:59.999,312129.29887280,962,2.71131000,192468.71146200,0
2026-04-13 06:12:00,70989.91000000,71009.99000000,70989.90000000,71009.98000000,25.91533000,2026-04-13 06:12:59.999,1839832.59840200,923,24.93361000,1770128.91725590,0
2026-04-13 06:13:00,71009.99000000,71010.66000000,70993.32000000,71000.36000000,14.06597000,2026-04-13 06:13:59.999,998785.28443130,1284,6.28776000,446482.97195610,0
2026-04-13 06:14:00,71000.37000000,71000.37000000,71000.36000000,71000.37000000,3.10708000,2026-04-13 06:14:59.999,220603.81057420,308,1.20254000,85380.78493980,0
2026-04-13 06:15:00,71000.36000000,71010.34000000,70980.18000000,70983.29000000,5.22993000,2026-04-13 06:15:59.999,371269.64921360,1354,0.82777000,58768.03303860,0
2026-04-13 06:16:00,70983.29000000,70989.91000000,70983.29000000,70989.91000000,3.30263000,2026-04-13 06:16:59.999,234452.14192580,440,2.49289000,176969.66783250,0
2026-04-13 06:17:00,70989.90000000,71009.99000000,70989.90000000,70992.95000000,18.00098000,2026-04-13 06:17:59.999,1277935.22974890,1049,15.17118000,1077018.23295460,0
2026-04-13 06:18:00,70992.95000000,71010.34000000,70992.94000000,71010.33000000,4.57354000,2026-04-13 06:18:59.999,324746.50900320,721,3.79217000,269268.82633910,0
2026-04-13 06:19:00,71010.34000000,71045.40000000,71010.33000000,71040.13000000,39.51468000,2026-04-13 06:19:59.999,2806624.19748730,2103,33.73139000,2395761.17818070,0
2026-04-13 06:20:00,71040.13000000,71045.40000000,71037.64000000,71043.33000000,9.41602000,2026-04-13 06:20:59.999,668956.82975700,639,7.02705000,499235.65554310,0
2026-04-13 06:21:00,71043.32000000,71069.99000000,71043.32000000,71050.96000000,18.76103000,2026-04-13 06:21:59.999,1333010.62387570,2249,10.70025000,760249.89028650,0
2026-04-13 06:22:00,71050.95000000,71050.96000000,71042.41000000,71045.39000000,11.98947000,2026-04-13 06:22:59.999,851790.87358110,645,6.18470000,439394.15147980,0
2026-04-13 06:23:00,71045.39000000,71045.39000000,71032.65000000,71039.59000000,5.20420000,2026-04-13 06:23:59.999,369696.45074530,820,1.54743000,109924.34803390,0
2026-04-13 06:24:00,71039.59000000,71068.19000000,71039.58000000,71068.19000000,18.30308000,2026-04-13 06:24:59.999,1300404.53154430,872,17.47226000,1241369.14904310,0
2026-04-13 06:25:00,71068.19000000,71070.00000000,71051.87000000,71051.88000000,4.42619000,2026-04-13 06:25:59.999,314557.21541640,1149,1.83631000,130501.90022780,0
2026-04-13 06:26:00,71051.88000000,71051.88000000,71022.22000000,71022.22000000,4.38774000,2026-04-13 06:26:59.999,311706.83878750,1195,1.04841000,74480.65139270,0
2026-04-13 06:27:00,71022.23000000,71038.48000000,71014.80000000,71038.48000000,2.53925000,2026-04-13 06:27:59.999,180360.66733790,1164,0.83014000,58965.28898290,0
2026-04-13 06:28:00,71038.48000000,71040.00000000,71031.96000000,71033.08000000,1.01563000,2026-04-13 06:28:59.999,72144.50045660,901,0.68928000,48961.90996010,0
2026-04-13 06:29:00,71033.08000000,71033.08000000,70999.99000000,71017.97000000,52.21805000,2026-04-13 06:29:59.999,3707787.88808980,855,17.75850000,1260876.04255610,0
2026-04-13 06:30:00,71017.96000000,71026.00000000,71006.61000000,71017.66000000,2.45786000,2026-04-13 06:30:59.999,174550.20435200,1282,0.85889000,60993.01302390,0
2026-04-13 06:31:00,71017.66000000,71017.66000000,70998.46000000,71002.92000000,3.52613000,2026-04-13 06:31:59.999,250402.21943760,901,2.08680000,148195.80068440,0
2026-04-13 06:32:00,71002.92000000,71027.97000000,71002.92000000,71027.97000000,14.93531000,2026-04-13 06:32:59.999,1060668.42107080,825,14.79246000,1050524.01417710,0
2026-04-13 06:33:00,71027.97000000,71027.97000000,71021.27000000,71021.27000000,2.79864000,2026-04-13 06:33:59.999,198778.11783670,612,0.74303000,52774.90000200,0
2026-04-13 06:34:00,71021.28000000,71032.00000000,71009.99000000,71010.00000000,23.02705000,2026-04-13 06:34:59.999,1635382.74666190,954,2.17748000,154639.33608880,0
2026-04-13 06:35:00,71009.99000000,71034.00000000,71009.99000000,71031.31000000,24.96402000,2026-04-13 06:35:59.999,1773011.71168210,846,23.31348000,1655768.57009030,0
2026-04-13 06:36:00,71031.31000000,71045.40000000,71014.34000000,71014.34000000,10.94911000,2026-04-13 06:36:59.999,777859.63229240,2045,9.90946000,704013.01516240,0
2026-04-13 06:37:00,71014.01000000,71014.01000000,71001.71000000,71001.71000000,1.76763000,2026-04-13 06:37:59.999,125517.02765400,410,0.11954000,8488.26117340,0
2026-04-13 06:38:00,71001.71000000,71013.94000000,70999.73000000,71013.93000000,1.54122000,2026-04-13 06:38:59.999,109429.02491600,446,0.60248000,42777.01181010,0
2026-04-13 06:39:00,71013.93000000,71045.40000000,71013.93000000,71045.40000000,18.00844000,2026-04-13 06:39:59.999,1279000.96514750,1160,16.54684000,1175178.31500010,0
2026-04-13 06:40:00,71045.40000000,71045.40000000,71020.32000000,71027.19000000,3.48099000,2026-04-13 06:40:59.999,247266.70343430,1465,1.57631000,111966.78927930,0
2026-04-13 06:41:00,71027.20000000,71027.20000000,71001.38000000,71006.53000000,2.19518000,2026-04-13 06:41:59.999,155891.31452050,1009,0.55011000,39065.09468910,0
2026-04-13 06:42:00,71006.53000000,71010.72000000,71002.84000000,71010.71000000,2.18910000,2026-04-13 06:42:59.999,155446.41667090,510,0.94716000,67255.71271840,0
2026-04-13 06:43:00,71010.71000000,71010.72000000,71002.20000000,71002.20000000,1.65651000,2026-04-13 06:43:59.999,117627.52081340,436,0.72109000,51203.09351340,0
2026-04-13 06:44:00,71002.20000000,71046.78000000,70999.90000000,71046.77000000,23.44917000,2026-04-13 06:44:59.999,1665393.44075800,1456,22.83964000,1622114.82578640,0
2026-04-13 06:45:00,71046.78000000,71055.90000000,71030.87000000,71055.90000000,18.74831000,2026-04-13 06:45:59.999,1331933.63008780,1466,14.03331000,997001.85406990,0
2026-04-13 06:46:00,71055.90000000,71106.54000000,71055.89000000,71084.13000000,24.41711000,2026-04-13 06:46:59.999,1735570.23434390,2996,21.55010000,1531757.51871390,0
2026-04-13 06:47:00,71083.73000000,71083.73000000,71070.06000000,71072.57000000,4.26460000,2026-04-13 06:47:59.999,303100.72206990,760,0.54379000,38648.31289970,0
2026-04-13 06:48:00,71072.58000000,71072.58000000,71061.17000000,71065.42000000,6.74788000,2026-04-13 06:48:59.999,479539.74312260,1009,4.88809000,347370.65737400,0
2026-04-13 06:49:00,71065.43000000,71072.95000000,71035.99000000,71035.99000000,41.39240000,2026-04-13 06:49:59.999,2940993.68017650,1523,9.50349000,675115.31579820,0
2026-04-13 06:50:00,71036.00000000,71072.27000000,71036.00000000,71060.84000000,42.38266000,2026-04-13 06:50:59.999,3011680.24475260,2290,40.38016000,2869370.59635730,0
2026-04-13 06:51:00,71060.84000000,71060.84000000,71035.98000000,71035.99000000,5.81866000,2026-04-13 06:51:59.999,413375.32002670,1017,1.12364000,79835.07727090,0
2026-04-13 06:52:00,71035.99000000,71045.40000000,71034.87000000,71035.99000000,14.01592000,2026-04-13 06:52:59.999,995635.31501700,805,10.95028000,777860.13249060,0
2026-04-13 06:53:00,71036.00000000,71036.00000000,71018.52000000,71018.53000000,5.62891000,2026-04-13 06:53:59.999,399829.53584610,638,2.55575000,181527.95707160,0
2026-04-13 06:54:00,71018.52000000,71031.96000000,71018.52000000,71031.95000000,0.75212000,2026-04-13 06:54:59.999,53417.32767280,418,0.43327000,30771.97057550,0
2026-04-13 06:55:00,71031.96000000,71045.40000000,71031.96000000,71036.97000000,6.35100000,2026-04-13 06:55:59.999,451188.12045900,666,3.11706000,221435.03600950,0
2026-04-13 06:56:00,71036.98000000,71044.14000000,71031.95000000,71044.14000000,8.40129000,2026-04-13 06:56:59.999,596774.11036310,660,6.25871000,444572.50006480,0
2026-04-13 06:57:00,71044.13000000,71044.14000000,71034.23000000,71036.80000000,1.33915000,2026-04-13 06:57:59.999,95134.58537950,295,0.25698000,18255.81255160,0
2026-04-13 06:58:00,71036.79000000,71045.40000000,71036.79000000,71045.39000000,4.66385000,2026-04-13 06:58:59.999,331342.57309490,400,4.47190000,317705.97489940,0
2026-04-13 06:59:00,71045.39000000,71045.40000000,71017.56000000,71017.66000000,15.12764000,2026-04-13 06:59:59.999,1074641.36194020,1197,4.87615000,346427.09703750,0
2026-04-13 07:00:00,71017.66000000,71067.91000000,71003.98000000,71009.22000000,20.35678000,2026-04-13 07:00:59.999,1445815.84078020,2851,13.59774000,965748.73279750,0
2026-04-13 07:01:00,71009.23000000,71012.65000000,70985.80000000,71007.44000000,18.22293000,2026-04-13 07:01:59.999,1293685.41924000,1552,15.41057000,1093996.30314830,0
2026-04-13 07:02:00,71007.44000000,71017.66000000,71001.27000000,71001.28000000,4.72813000,2026-04-13 07:02:59.999,335765.10891460,1152,3.28550000,233316.12912670,0
2026-04-13 07:03:00,71001.27000000,71007.60000000,70980.00000000,70980.01000000,3.73183000,2026-04-13 07:03:59.999,264947.16516280,1096,1.97238000,140034.49398560,0
2026-04-13 07:04:00,70980.00000000,71009.53000000,70980.00000000,71009.53000000,12.03122000,2026-04-13 07:04:59.999,854093.44301880,813,11.59375000,823040.50796310,0
2026-04-13 07:05:00,71009.52000000,71009.53000000,70983.40000000,70983.41000000,1.65602000,2026-04-13 07:05:59.999,117574.28111560,930,0.39333000,27924.27878120,0
2026-04-13 07:06:00,70983.40000000,70983.41000000,70941.90000000,70941.90000000,5.34222000,2026-04-13 07:06:59.999,379092.01883180,1515,0.29982000,21273.89422920,0
2026-04-13 07:07:00,70941.90000000,70941.90000000,70914.60000000,70924.01000000,6.84914000,2026-04-13 07:07:59.999,485800.56280550,1263,0.50640000,35915.52246820,0
2026-04-13 07:08:00,70924.01000000,70934.43000000,70924.01000000,70934.43000000,1.96780000,2026-04-13 07:08:59.999,139574.07531180,509,1.79182000,127092.23423830,0
2026-04-13 07:09:00,70934.43000000,70934.43000000,70922.92000000,70922.92000000,1.86632000,2026-04-13 07:09:59.999,132374.12391520,377,0.78204000,55469.20062940,0
2026-04-13 07:10:00,70922.92000000,70934.43000000,70922.92000000,70923.71000000,1.76446000,2026-04-13 07:10:59.999,125155.19012200,738,0.57194000,40568.15934750,0
2026-04-13 07:11:00,70923.71000000,70934.43000000,70922.38000000,70934.43000000,1.17960000,2026-04-13 07:11:59.999,83668.83048060,446,0.71311000,50582.41691760,0
2026-04-13 07:12:00,70934.43000000,70934.43000000,70895.01000000,70902.78000000,10.46113000,2026-04-13 07:12:59.999,741785.06551530,1442,0.62399000,44257.23563570,0
2026-04-13 07:13:00,70902.78000000,70905.98000000,70888.00000000,70893.67000000,2.53236000,2026-04-13 07:13:59.999,179544.03287970,765,0.80894000,57356.54458880,0
2026-04-13 07:14:00,70893.67000000,70905.03000000,70893.67000000,70896.13000000,2.49776000,2026-04-13 07:14:59.999,177093.09616730,807,0.64054000,45413.69023010,0
2026-04-13 07:15:00,70896.12000000,70906.68000000,70875.29000000,70906.68000000,22.95888000,2026-04-13 07:15:59.999,1627473.43198030,1978,17.87170000,1266833.24947080,0
2026-04-13 07:16:00,70906.67000000,70906.67000000,70882.00000000,70882.01000000,2.52105000,2026-04-13 07:16:59.999,178735.87656490,1220,0.16508000,11702.67857010,0
2026-04-13 07:17:00,70882.00000000,70882.01000000,70856.00000000,70857.80000000,2.54800000,2026-04-13 07:17:59.999,180559.85032200,1024,1.12927000,80022.90746560,0
2026-04-13 07:18:00,70857.79000000,70870.00000000,70857.79000000,70859.05000000,8.10635000,2026-04-13 07:18:59.999,574443.06578630,2805,0.60075000,42571.15648730,0
2026-04-13 07:19:00,70859.05000000,70860.67000000,70856.00000000,70856.00000000,1.05475000,2026-04-13 07:19:59.999,74738.19117290,474,0.69454000,49214.12332610,0
2026-04-13 07:20:00,70856.01000000,70856.01000000,70780.15000000,70781.26000000,20.23321000,2026-04-13 07:20:59.999,1432623.49299610,2900,7.82295000,553829.51466110,0
2026-04-13 07:21:00,70781.25000000,70781.26000000,70728.00000000,70748.83000000,26.34495000,2026-04-13 07:21:59.999,1863786.57550640,4628,14.45151000,1022298.98554610,0
2026-04-13 07:22:00,70748.84000000,70758.37000000,70693.30000000,70700.00000000,17.68862000,2026-04-13 07:22:59.999,1251097.65828630,3126,2.38478000,168646.52055010,0
2026-04-13 07:23:00,70700.00000000,70709.79000000,70694.84000000,70703.09000000,3.01456000,2026-04-13 07:23:59.999,213137.99001250,1295,1.31049000,92655.67486630,0
2026-04-13 07:24:00,70703.08000000,70712.50000000,70689.57000000,70712.49000000,6.68336000,2026-04-13 07:24:59.999,472527.24052480,1412,3.27715000,231718.56699020,0
2026-04-13 07:25:00,70712.49000000,70740.20000000,70712.48000000,70720.17000000,15.86294000,2026-04-13 07:25:59.999,1121778.62326360,1081,12.65166000,894648.81206390,0
2026-04-13 07:26:00,70720.18000000,70720.18000000,70689.57000000,70689.57000000,5.39972000,2026-04-13 07:26:59.999,381792.54780110,1543,1.43480000,101447.02502180,0
2026-04-13 07:27:00,70689.57000000,70712.50000000,70686.03000000,70712.49000000,8.71887000,2026-04-13 07:27:59.999,616434.83949760,1253,4.62799000,327247.10027790,0
2026-04-13 07:28:00,70712.50000000,70738.67000000,70712.49000000,70723.89000000,9.21532000,2026-04-13 07:28:59.999,651697.79114340,1056,7.27161000,514223.89547100,0
2026-04-13 07:29:00,70723.89000000,70723.90000000,70703.47000000,70704.00000000,16.59366000,2026-04-13 07:29:59.999,1173308.67381060,1710,7.99519000,565321.29445050,0
2026-04-13 07:30:00,70704.00000000,70737.03000000,70704.00000000,70737.03000000,26.43866000,2026-04-13 07:30:59.999,1869711.19990540,1371,25.81115000,1825331.32153850,0
2026-04-13 07:31:00,70737.03000000,70749.66000000,70726.01000000,70731.49000000,13.14446000,2026-04-13 07:31:59.999,929822.15156570,1275,11.95326000,845557.53603590,0
2026-04-13 07:32:00,70731.49000000,70733.04000000,70700.01000000,70723.08000000,16.18078000,2026-04-13 07:32:59.999,1144264.13060350,1281,3.75386000,265500.24063060,0
2026-04-13 07:33:00,70723.09000000,70723.09000000,70694.00000000,70694.01000000,28.83304000,2026-04-13 07:33:59.999,2038579.78517170,1127,4.41279000,312037.57948400,0
2026-04-13 07:34:00,70694.01000000,70711.98000000,70691.98000000,70711.97000000,7.75367000,2026-04-13 07:34:59.999,548136.54244320,993,4.72634000,334126.40468820,0
2026-04-13 07:35:00,70711.98000000,70712.49000000,70685.25000000,70708.38000000,8.26352000,2026-04-13 07:35:59.999,584257.13815330,2465,4.50968000,318842.26026150,0
2026-04-13 07:36:00,70708.38000000,70737.51000000,70702.65000000,70732.91000000,14.94083000,2026-04-13 07:36:59.999,1056634.64707440,1644,9.44484000,667908.16632910,0
2026-04-13 07:37:00,70732.91000000,70738.87000000,70731.99000000,70738.87000000,4.13266000,2026-04-13 07:37:59.999,292324.32737040,575,3.85002000,272331.95131650,0
2026-04-13 07:38:00,70738.87000000,70787.99000000,70738.86000000,70783.16000000,10.41689000,2026-04-13 07:38:59.999,737042.52949200,1728,9.01265000,637657.04912120,0
2026-04-13 07:39:00,70783.15000000,70804.63000000,70783.15000000,70783.60000000,10.27448000,2026-04-13 07:39:59.999,727384.80791270,1272,9.33992000,661220.86949650,0
2026-04-13 07:40:00,70783.59000000,70810.23000000,70776.00000000,70799.83000000,15.72021000,2026-04-13 07:40:59.999,1112893.69384240,1871,12.43179000,880062.76806110,0
2026-04-13 07:41:00,70799.83000000,70799.84000000,70759.67000000,70759.67000000,8.86815000,2026-04-13 07:41:59.999,627709.15397770,1750,4.64834000,329017.31238750,0
2026-04-13 07:42:00,70759.67000000,70767.98000000,70759.67000000,70767.98000000,5.51100000,2026-04-13 07:42:59.999,389991.88593400,613,3.84590000,272157.58507430,0
2026-04-13 07:43:00,70767.97000000,70792.37000000,70767.97000000,70792.37000000,8.61924000,2026-04-13 07:43:59.999,610011.03264970,1059,6.35353000,449661.28294980,0
2026-04-13 07:44:00,70792.37000000,70798.01000000,70748.00000000,70778.76000000,132.40133000,2026-04-13 07:44:59.999,9371871.95407860,2424,65.97558000,4669300.73489780,0
2026-04-13 07:45:00,70778.76000000,70795.71000000,70767.99000000,70777.97000000,13.84193000,2026-04-13 07:45:59.999,979762.49309020,1467,8.65323000,612456.99992520,0
2026-04-13 07:46:00,70777.96000000,70794.45000000,70762.92000000,70776.04000000,18.49900000,2026-04-13 07:46:59.999,1309191.10418310,1696,15.06143000,1065890.27278650,0
2026-04-13 07:47:00,70776.03000000,70795.72000000,70771.95000000,70795.71000000,43.03920000,2026-04-13 07:47:59.999,3046289.48281330,2055,4.73205000,334946.63333310,0
2026-04-13 07:48:00,70795.71000000,70814.03000000,70789.19000000,70814.03000000,88.64338000,2026-04-13 07:48:59.999,6276072.64254420,2972,13.71894000,971281.71225820,0
2026-04-13 07:49:00,70814.02000000,70822.33000000,70779.81000000,70779.82000000,18.07321000,2026-04-13 07:49:59.999,1279652.49168480,1709,4.60181000,325800.79428770,0
2026-04-13 07:50:00,70779.81000000,70794.37000000,70776.02000000,70794.37000000,5.71628000,2026-04-13 07:50:59.999,404632.22089500,802,4.35654000,308386.71357230,0
2026-04-13 07:51:00,70794.36000000,70821.77000000,70794.36000000,70821.77000000,6.01950000,2026-04-13 07:51:59.999,426178.00796980,809,5.23655000,370745.52203970,0
2026-04-13 07:52:00,70821.76000000,70821.77000000,70805.08000000,70805.09000000,5.79890000,2026-04-13 07:52:59.999,410645.97176440,840,4.62619000,327600.39538420,0
2026-04-13 07:53:00,70805.08000000,70807.20000000,70805.08000000,70807.20000000,3.81405000,2026-04-13 07:53:59.999,270060.01073000,332,3.59356000,254447.77708390,0
2026-04-13 07:54:00,70807.19000000,70807.20000000,70783.18000000,70783.19000000,5.15935000,2026-04-13 07:54:59.999,365240.05465330,726,3.88644000,275120.44391990,0
2026-04-13 07:55:00,70783.18000000,70805.51000000,70783.18000000,70794.83000000,12.42232000,2026-04-13 07:55:59.999,879458.90358200,1060,3.89225000,275524.56414060,0
2026-04-13 07:56:00,70794.83000000,70825.36000000,70794.83000000,70825.35000000,18.24523000,2026-04-13 07:56:59.999,1292173.46875990,1205,4.61585000,326882.99782100,0
2026-04-13 07:57:00,70825.35000000,70841.43000000,70823.59000000,70835.40000000,16.90008000,2026-04-13 07:57:59.999,1197062.67269200,1156,8.55006000,605600.38493360,0
2026-04-13 07:58:00,70835.40000000,70835.41000000,70818.00000000,70821.85000000,9.21324000,2026-04-13 07:58:59.999,652501.84757830,587,3.75006000,265575.12703610,0
2026-04-13 07:59:00,70821.84000000,70821.85000000,70810.02000000,70813.88000000,20.12325000,2026-04-13 07:59:59.999,1425070.97869520,828,4.77934000,338458.28618470,0
2026-04-13 08:00:00,70813.88000000,70813.88000000,70778.77000000,70780.01000000,5.08207000,2026-04-13 08:00:59.999,359764.81172430,998,1.21884000,86284.91324090,0
2026-04-13 08:01:00,70780.00000000,70805.99000000,70734.89000000,70792.30000000,5.45943000,2026-04-13 08:01:59.999,386343.98366090,2270,1.74457000,123456.24966500,0
2026-04-13 08:02:00,70791.83000000,70843.25000000,70775.22000000,70843.25000000,2.80832000,2026-04-13 08:02:59.999,198830.93697530,1756,1.63873000,116037.23112980,0
2026-04-13 08:03:00,70843.25000000,70861.01000000,70831.71000000,70848.45000000,6.02606000,2026-04-13 08:03:59.999,426936.52848130,1433,4.84899000,343544.25370650,0
2026-04-13 08:04:00,70848.44000000,70858.61000000,70841.20000000,70847.56000000,1.96847000,2026-04-13 08:04:59.999,139463.07801630,711,1.00608000,71280.49047660,0
2026-04-13 08:05:00,70847.57000000,70852.53000000,70844.01000000,70844.01000000,0.74121000,2026-04-13 08:05:59.999,52513.79630720,394,0.28844000,20435.80601450,0
2026-04-13 08:06:00,70844.01000000,70844.01000000,70786.52000000,70807.32000000,7.06293000,2026-04-13 08:06:59.999,500162.18385260,2431,2.20614000,156199.45566240,0
2026-04-13 08:07:00,70807.33000000,70810.63000000,70786.19000000,70798.00000000,1.02673000,2026-04-13 08:07:59.999,72688.90919730,1099,0.42110000,29812.37162660,0
2026-04-13 08:08:00,70798.00000000,70798.00000000,70742.00000000,70742.00000000,4.76473000,2026-04-13 08:08:59.999,337260.27785580,1173,1.79152000,126795.65678450,0
2026-04-13 08:09:00,70742.01000000,70767.80000000,70738.09000000,70738.10000000,2.78123000,2026-04-13 08:09:59.999,196775.68783120,1368,1.13388000,80231.48085370,0
2026-04-13 08:10:00,70738.09000000,70755.93000000,70707.27000000,70755.92000000,6.68120000,2026-04-13 08:10:59.999,472564.35998270,1950,3.03205000,214461.03906760,0
2026-04-13 08:11:00,70755.93000000,70762.54000000,70748.42000000,70759.82000000,1.67919000,2026-04-13 08:11:59.999,118811.75879890,1397,0.99777000,70596.89839070,0
2026-04-13 08:12:00,70759.81000000,70773.96000000,70759.81000000,70773.95000000,0.59702000,2026-04-13 08:12:59.999,42249.48965830,563,0.45113000,31925.26759280,0
2026-04-13 08:13:00,70773.96000000,70773.96000000,70748.33000000,70748.34000000,0.95599000,2026-04-13 08:13:59.999,67643.10320210,922,0.26408000,18684.26965020,0
2026-04-13 08:14:00,70748.33000000,70748.33000000,70730.55000000,70730.55000000,4.04457000,2026-04-13 08:14:59.999,286108.97314740,771,0.71107000,50298.11945760,0
2026-04-13 08:15:00,70730.55000000,70730.56000000,70707.27000000,70707.27000000,0.98569000,2026-04-13 08:15:59.999,69707.39791870,647,0.21064000,14896.48162060,0
2026-04-13 08:16:00,70707.28000000,70744.28000000,70707.27000000,70744.27000000,3.00335000,2026-04-13 08:16:59.999,212400.11087040,2091,1.95903000,138534.83003310,0
2026-04-13 08:17:00,70744.27000000,70762.06000000,70744.27000000,70756.57000000,1.48768000,2026-04-13 08:17:59.999,105261.45305490,688,0.77990000,55178.54236880,0
2026-04-13 08:18:00,70756.57000000,70762.09000000,70738.82000000,70750.06000000,5.29366000,2026-04-13 08:18:59.999,374568.46251800,1066,4.54030000,321266.16313950,0
2026-04-13 08:19:00,70750.05000000,70750.06000000,70651.30000000,70676.10000000,39.08144000,2026-04-13 08:19:59.999,2763021.66465370,3735,8.44871000,597172.44889290,0
2026-04-13 08:20:00,70676.11000000,70700.00000000,70668.00000000,70700.00000000,7.06732000,2026-04-13 08:20:59.999,499507.97728630,1478,5.84831000,413349.55709550,0
2026-04-13 08:21:00,70699.99000000,70717.52000000,70695.78000000,70717.51000000,2.11384000,2026-04-13 08:21:59.999,149457.31614390,621,1.47187000,104062.06813900,0
2026-04-13 08:22:00,70717.51000000,70717.52000000,70706.06000000,70717.52000000,3.42972000,2026-04-13 08:22:59.999,242518.47441600,1332,1.44847000,102419.52048910,0
2026-04-13 08:23:00,70717.52000000,70737.21000000,70717.51000000,70727.42000000,1.35115000,2026-04-13 08:23:59.999,95558.48566180,798,0.85846000,60711.40220850,0
2026-04-13 08:24:00,70727.42000000,70751.46000000,70716.32000000,70751.46000000,1.99752000,2026-04-13 08:24:59.999,141293.98985920,1627,1.44699000,102354.92682330,0
2026-04-13 08:25:00,70751.45000000,70810.00000000,70751.45000000,70802.01000000,2.72978000,2026-04-13 08:25:59.999,193225.07855670,2249,2.28089000,161443.42091450,0
2026-04-13 08:26:00,70802.01000000,70822.34000000,70802.00000000,70806.56000000,5.22425000,2026-04-13 08:26:59.999,369945.26564290,868,4.32756000,306444.37257460,0
2026-04-13 08:27:00,70806.56000000,70806.57000000,70775.81000000,70783.08000000,2.64767000,2026-04-13 08:27:59.999,187433.93400100,898,0.45566000,32258.58180190,0
2026-04-13 08:28:00,70783.08000000,70786.85000000,70744.43000000,70744.44000000,4.63969000,2026-04-13 08:28:59.999,328322.29565810,1623,1.88835000,133615.00950530,0
2026-04-13 08:29:00,70744.44000000,70768.93000000,70744.44000000,70761.00000000,3.59356000,2026-04-13 08:29:59.999,254281.62450860,1312,1.98314000,140322.22196320,0
2026-04-13 08:30:00,70761.01000000,70761.01000000,70723.86000000,70736.42000000,3.91648000,2026-04-13 08:30:59.999,277043.72467560,1822,0.42008000,29711.73838970,0
2026-04-13 08:31:00,70736.43000000,70760.23000000,70736.42000000,70760.23000000,0.82238000,2026-04-13 08:31:59.999,58180.38168520,896,0.47027000,33269.73114370,0
2026-04-13 08:32:00,70760.23000000,70760.24000000,70742.59000000,70742.59000000,1.14305000,2026-04-13 08:32:59.999,80877.88785450,566,0.46563000,32946.42515070,0
2026-04-13 08:33:00,70742.59000000,70742.60000000,70719.49000000,70733.38000000,2.54295000,2026-04-13 08:33:59.999,179865.68883020,1135,1.37462000,97227.04399240,0
2026-04-13 08:34:00,70733.38000000,70745.67000000,70728.20000000,70730.65000000,17.35499000,2026-04-13 08:34:59.999,1227590.22882170,776,16.15113000,1142433.46029150,0
2026-04-13 08:35:00,70730.65000000,70736.80000000,70716.40000000,70716.40000000,2.33752000,2026-04-13 08:35:59.999,165339.68183070,976,0.41479000,29337.20026960,0
2026-04-13 08:36:00,70716.41000000,70716.41000000,70696.03000000,70696.03000000,5.40444000,2026-04-13 08:36:59.999,382113.66437960,858,0.80084000,56624.83239580,0
2026-04-13 08:37:00,70696.04000000,70733.09000000,70696.03000000,70733.08000000,0.67806000,2026-04-13 08:37:59.999,47952.28429300,794,0.57546000,40695.10546270,0
2026-04-13 08:38:00,70733.08000000,70733.09000000,70707.69000000,70707.70000000,1.90980000,2026-04-13 08:38:59.999,135050.56848920,711,0.30321000,21440.89305040,0
2026-04-13 08:39:00,70707.70000000,70714.76000000,70682.67000000,70693.80000000,10.24003000,2026-04-13 08:39:59.999,723926.73181040,1655,2.61776000,185063.31229050,0
2026-04-13 08:40:00,70692.87000000,70692.87000000,70653.56000000,70653.56000000,9.82033000,2026-04-13 08:40:59.999,693995.13169260,1708,1.72329000,121794.52900960,0
2026-04-13 08:41:00,70653.56000000,70688.21000000,70612.23000000,70659.36000000,26.37199000,2026-04-13 08:41:59.999,1863070.53047450,4955,2.65604000,187635.38927960,0
2026-04-13 08:42:00,70659.35000000,70666.42000000,70592.53000000,70632.00000000,23.22647000,2026-04-13 08:42:59.999,1640293.01000090,2597,4.45974000,314919.82733780,0
2026-04-13 08:43:00,70632.00000000,70661.94000000,70632.00000000,70661.93000000,6.10600000,2026-04-13 08:43:59.999,431369.73336440,1043,4.80280000,339286.07869380,0
2026-04-13 08:44:00,70661.94000000,70661.94000000,70600.00000000,70600.01000000,3.64363000,2026-04-13 08:44:59.999,257357.49336930,1760,0.46914000,33134.61221550,0
2026-04-13 08:45:00,70600.01000000,70615.92000000,70571.11000000,70579.00000000,9.85621000,2026-04-13 08:45:59.999,695712.12111860,2876,3.60838000,254674.49261600,0
2026-04-13 08:46:00,70579.00000000,70612.55000000,70566.99000000,70611.82000000,6.55869000,2026-04-13 08:46:59.999,462992.93922500,1828,1.94788000,137517.09588410,0
2026-04-13 08:47:00,70611.82000000,70614.82000000,70601.00000000,70608.01000000,8.81127000,2026-04-13 08:47:59.999,622138.35993420,678,1.45056000,102421.83194750,0
2026-04-13 08:48:00,70608.00000000,70635.13000000,70608.00000000,70635.13000000,3.20600000,2026-04-13 08:48:59.999,226429.95802190,984,2.73154000,192919.22277870,0
2026-04-13 08:49:00,70635.13000000,70636.95000000,70623.95000000,70623.96000000,0.86719000,2026-04-13 08:49:59.999,61253.11823810,457,0.17352000,12256.41431750,0
2026-04-13 08:50:00,70623.96000000,70623.96000000,70592.29000000,70592.30000000,2.11364000,2026-04-13 08:50:59.999,149238.93889020,801,0.75603000,53379.54809680,0
2026-04-13 08:51:00,70592.29000000,70592.29000000,70584.24000000,70588.00000000,1.27846000,2026-04-13 08:51:59.999,90243.31632130,528,0.51963000,36678.95084100,0
2026-04-13 08:52:00,70588.01000000,70600.00000000,70588.00000000,70600.00000000,1.89479000,2026-04-13 08:52:59.999,133763.69490280,529,1.68589000,119016.29536590,0
2026-04-13 08:53:00,70600.00000000,70634.25000000,70599.99000000,70634.25000000,3.61225000,2026-04-13 08:53:59.999,255074.17449920,1054,3.40918000,240733.76634990,0
2026-04-13 08:54:00,70634.25000000,70645.68000000,70626.00000000,70645.68000000,1.42247000,2026-04-13 08:54:59.999,100474.63288710,822,0.56885000,40180.65021070,0
2026-04-13 08:55:00,70645.68000000,70685.07000000,70645.68000000,70685.07000000,2.36279000,2026-04-13 08:55:59.999,166986.43123200,1465,1.55596000,109963.64354160,0
2026-04-13 08:56:00,70685.07000000,70688.15000000,70655.86000000,70655.87000000,2.51266000,2026-04-13 08:56:59.999,177570.31908810,974,0.46709000,33009.11450870,0
2026-04-13 08:57:00,70655.87000000,70671.03000000,70655.87000000,70671.02000000,1.67017000,2026-04-13 08:57:59.999,118016.68353360,638,1.14708000,81053.21750200,0
2026-04-13 08:58:00,70671.03000000,70685.71000000,70671.02000000,70682.88000000,9.71661000,2026-04-13 08:58:59.999,686808.66754010,874,7.21472000,509963.45797010,0
2026-04-13 08:59:00,70682.88000000,70697.60000000,70679.27000000,70680.70000000,26.39839000,2026-04-13 08:59:59.999,1866055.37641100,1681,16.49838000,1166241.48255490,0
2026-04-13 09:00:00,70680.70000000,70787.67000000,70680.70000000,70757.51000000,23.49888000,2026-04-13 09:00:59.999,1662222.07277950,6247,11.01940000,779503.06122960,0
2026-04-13 09:01:00,70757.51000000,70858.99000000,70757.51000000,70847.27000000,14.84827000,2026-04-13 09:01:59.999,1051442.31908530,3673,8.99588000,637106.72158300,0
2026-04-13 09:02:00,70847.27000000,70910.68000000,70847.26000000,70891.53000000,12.67306000,2026-04-13 09:02:59.999,898314.81494810,2639,10.59381000,750882.91136520,0
2026-04-13 09:03:00,70891.53000000,70891.53000000,70863.02000000,70863.03000000,3.63890000,2026-04-13 09:03:59.999,257909.21247380,1082,0.56747000,40220.36253700,0
2026-04-13 09:04:00,70863.02000000,70863.03000000,70828.72000000,70834.93000000,3.76396000,2026-04-13 09:04:59.999,266668.45672770,1320,2.45029000,173604.95190380,0
2026-04-13 09:05:00,70834.92000000,70851.42000000,70824.69000000,70838.00000000,2.58317000,2026-04-13 09:05:59.999,182996.07404740,1294,2.17452000,154049.10134240,0
2026-04-13 09:06:00,70837.55000000,70837.56000000,70781.37000000,70781.38000000,4.96873000,2026-04-13 09:06:59.999,351817.94451660,1727,0.82445000,58374.85686680,0
2026-04-13 09:07:00,70781.38000000,70791.98000000,70777.81000000,70789.16000000,2.79194000,2026-04-13 09:07:59.999,197623.01682560,1204,1.70497000,120682.66646280,0
2026-04-13 09:08:00,70789.16000000,70791.97000000,70776.01000000,70785.83000000,3.85677000,2026-04-13 09:08:59.999,272986.73005630,744,1.27755000,90431.19881950,0
2026-04-13 09:09:00,70785.84000000,70785.84000000,70703.70000000,70703.71000000,10.86174000,2026-04-13 09:09:59.999,768467.75592970,2502,2.01923000,142850.72135580,0
2026-04-13 09:10:00,70703.71000000,70722.43000000,70702.92000000,70702.93000000,3.33302000,2026-04-13 09:10:59.999,235677.41031270,1259,1.83595000,129815.97516610,0
2026-04-13 09:11:00,70702.93000000,70720.58000000,70702.92000000,70712.22000000,3.06094000,2026-04-13 09:11:59.999,216434.33224640,776,1.83772000,129943.20351900,0
2026-04-13 09:12:00,70712.23000000,70727.75000000,70712.22000000,70727.75000000,0.72796000,2026-04-13 09:12:59.999,51481.26507790,577,0.51104000,36140.45399740,0
2026-04-13 09:13:00,70727.75000000,70727.75000000,70707.20000000,70707.20000000,1.44453000,2026-04-13 09:13:59.999,102156.99112800,587,0.40926000,28941.76880010,0
2026-04-13 09:14:00,70707.20000000,70715.56000000,70703.03000000,70715.54000000,22.75257000,2026-04-13 09:14:59.999,1608856.93761870,1639,12.17299000,860770.68196450,0
2026-04-13 09:15:00,70715.54000000,70715.56000000,70678.00000000,70678.01000000,21.69771000,2026-04-13 09:15:59.999,1534160.86390630,2024,6.69445000,473355.78627750,0
2026-04-13 09:16:00,70678.00000000,70715.56000000,70678.00000000,70715.56000000,2.50987000,2026-04-13 09:16:59.999,177437.66728420,1304,2.17932000,154072.23831950,0
2026-04-13 09:17:00,70715.56000000,70715.56000000,70704.00000000,70704.00000000,2.19942000,2026-04-13 09:17:59.999,155524.74750210,656,1.58431000,112029.97276810,0
2026-04-13 09:18:00,70704.01000000,70704.01000000,70699.16000000,70699.16000000,1.18272000,2026-04-13 09:18:59.999,83619.56016100,331,0.87822000,62091.19491140,0
2026-04-13 09:19:00,70699.16000000,70699.17000000,70681.07000000,70692.10000000,2.43799000,2026-04-13 09:19:59.999,172342.17644990,967,1.32794000,93871.49837550,0
2026-04-13 09:20:00,70692.10000000,70743.36000000,70692.09000000,70743.35000000,6.54442000,2026-04-13 09:20:59.999,462832.28329360,1449,5.31277000,375707.23903400,0
2026-04-13 09:21:00,70743.35000000,70747.95000000,70739.22000000,70740.01000000,2.26854000,2026-04-13 09:21:59.999,160479.02571730,815,0.70993000,50221.76890750,0
2026-04-13 09:22:00,70740.00000000,70743.00000000,70724.77000000,70743.00000000,5.19199000,2026-04-13 09:22:59.999,367209.18093460,807,3.95212000,279515.51970290,0
2026-04-13 09:23:00,70743.00000000,70743.00000000,70742.99000000,70743.00000000,0.84359000,2026-04-13 09:23:59.999,59678.08546500,230,0.65309000,46201.54587000,0
2026-04-13 09:24:00,70742.99000000,70743.00000000,70729.21000000,70743.00000000,2.67137000,2026-04-13 09:24:59.999,188972.37187180,805,1.96912000,139295.16087390,0
2026-04-13 09:25:00,70743.00000000,70750.00000000,70743.00000000,70750.00000000,1.62806000,2026-04-13 09:25:59.999,115183.27495400,435,1.40506000,99406.02718400,0
2026-04-13 09:26:00,70749.99000000,70796.90000000,70749.99000000,70796.90000000,7.17388000,2026-04-13 09:26:59.999,507731.48907980,1636,6.60414000,467408.00402780,0
2026-04-13 09:27:00,70796.90000000,70816.99000000,70796.00000000,70796.01000000,9.66355000,2026-04-13 09:27:59.999,684226.10186250,1032,8.23348000,582962.17665230,0
2026-04-13 09:28:00,70796.00000000,70796.00000000,70780.23000000,70793.49000000,2.31011000,2026-04-13 09:28:59.999,163519.40152350,752,1.77919000,125934.88563420,0
2026-04-13 09:29:00,70793.50000000,70793.50000000,70789.38000000,70789.38000000,0.58992000,2026-04-13 09:29:59.999,41761.08005690,196,0.36322000,25712.60063980,0
2026-04-13 09:30:00,70789.38000000,70800.15000000,70789.38000000,70800.15000000,8.22256000,2026-04-13 09:30:59.999,582107.20854230,631,7.06820000,500382.15231010,0
2026-04-13 09:31:00,70800.14000000,70832.19000000,70800.14000000,70820.02000000,3.59727000,2026-04-13 09:31:59.999,254778.03973460,1275,3.09233000,219019.55247230,0
2026-04-13 09:32:00,70820.01000000,70820.01000000,70794.29000000,70799.68000000,6.43392000,2026-04-13 09:32:59.999,455525.97903350,1283,1.85398000,131254.94122450,0
2026-04-13 09:33:00,70799.68000000,70799.69000000,70788.29000000,70797.97000000,1.08608000,2026-04-13 09:33:59.999,76888.25053570,711,0.30593000,21657.69406050,0
2026-04-13 09:34:00,70797.97000000,70814.15000000,70797.97000000,70814.15000000,2.43831000,2026-04-13 09:34:59.999,172638.80343690,525,1.82671000,129338.05727200,0
2026-04-13 09:35:00,70814.15000000,70825.45000000,70803.40000000,70803.40000000,4.69469000,2026-04-13 09:35:59.999,332489.26678880,1106,2.85694000,202337.66213990,0
2026-04-13 09:36:00,70803.41000000,70803.41000000,70780.23000000,70780.24000000,0.92295000,2026-04-13 09:36:59.999,65333.07829730,684,0.27482000,19452.82519390,0
2026-04-13 09:37:00,70780.23000000,70809.29000000,70780.23000000,70809.28000000,4.15793000,2026-04-13 09:37:59.999,294365.41189800,1311,3.10937000,220125.92652880,0
2026-04-13 09:38:00,70809.29000000,70809.29000000,70793.44000000,70793.44000000,1.25512000,2026-04-13 09:38:59.999,88858.24457570,494,0.87120000,61676.11888640,0
2026-04-13 09:39:00,70793.44000000,70804.99000000,70793.44000000,70804.99000000,1.50242000,2026-04-13 09:39:59.999,106373.88671570,462,0.53113000,37604.21988520,0
2026-04-13 09:40:00,70804.99000000,70814.00000000,70794.00000000,70800.74000000,3.90521000,2026-04-13 09:40:59.999,276497.32603650,973,1.44764000,102494.85591490,0
2026-04-13 09:41:00,70800.75000000,70800.75000000,70794.10000000,70794.99000000,0.90193000,2026-04-13 09:41:59.999,63852.70050740,338,0.27334000,19351.09624660,0
2026-04-13 09:42:00,70794.99000000,70794.99000000,70760.02000000,70760.02000000,1.93083000,2026-04-13 09:42:59.999,136658.88358870,860,0.22975000,16260.81155670,0
2026-04-13 09:43:00,70760.02000000,70761.93000000,70760.01000000,70761.93000000,1.15960000,2026-04-13 09:43:59.999,82053.36842520,354,0.30114000,21308.71450220,0
2026-04-13 09:44:00,70761.93000000,70789.41000000,70761.93000000,70789.41000000,4.01686000,2026-04-13 09:44:59.999,284300.94246310,1014,3.90145000,276132.59509010,0
2026-04-13 09:45:00,70789.40000000,70789.41000000,70787.13000000,70787.13000000,0.54912000,2026-04-13 09:45:59.999,38871.28751020,154,0.07909000,5598.56203040,0
2026-04-13 09:46:00,70787.14000000,70787.14000000,70762.00000000,70762.01000000,1.13451000,2026-04-13 09:46:59.999,80291.01693480,698,0.66539000,47089.34047340,0
2026-04-13 09:47:00,70762.01000000,70785.90000000,70762.00000000,70785.90000000,1.79433000,2026-04-13 09:47:59.999,126981.75039590,1131,1.73438000,122739.04652210,0
2026-04-13 09:48:00,70785.90000000,70785.90000000,70774.68000000,70774.68000000,0.96116000,2026-04-13 09:48:59.999,68028.65886470,322,0.07322000,5182.67546490,0
2026-04-13 09:49:00,70774.68000000,70774.69000000,70774.68000000,70774.68000000,0.63442000,2026-04-13 09:49:59.999,44900.87380080,189,0.13152000,9308.28722880,0
2026-04-13 09:50:00,70774.69000000,70780.20000000,70749.99000000,70780.20000000,2.62276000,2026-04-13 09:50:59.999,185590.95785140,1278,1.07848000,76311.94138330,0
2026-04-13 09:51:00,70780.49000000,70787.14000000,70780.49000000,70787.13000000,0.34042000,2026-04-13 09:51:59.999,24096.54312940,314,0.24957000,17665.72293130,0
2026-04-13 09:52:00,70787.14000000,70787.14000000,70784.57000000,70784.57000000,1.20282000,2026-04-13 09:52:59.999,85143.48396020,238,0.44355000,31397.57752780,0
2026-04-13 09:53:00,70784.57000000,70784.58000000,70771.02000000,70771.03000000,0.68642000,2026-04-13 09:53:59.999,48581.99490170,495,0.11086000,7846.10643780,0
2026-04-13 09:54:00,70771.02000000,70771.03000000,70769.91000000,70769.92000000,2.48407000,2026-04-13 09:54:59.999,175797.88068480,263,0.15647000,11073.40402090,0
2026-04-13 09:55:00,70769.92000000,70784.57000000,70769.91000000,70784.57000000,3.30767000,2026-04-13 09:55:59.999,234095.17224000,985,1.92369000,136149.18562260,0
2026-04-13 09:56:00,70784.57000000,70807.96000000,70784.57000000,70807.95000000,0.96639000,2026-04-13 09:56:59.999,68417.66181130,855,0.55329000,39170.34819630,0
2026-04-13 09:57:00,70807.95000000,70807.96000000,70787.46000000,70787.47000000,2.10770000,2026-04-13 09:57:59.999,149232.61935890,547,0.13494000,9553.24133050,0
2026-04-13 09:58:00,70787.46000000,70787.47000000,70783.17000000,70787.47000000,0.63702000,2026-04-13 09:58:59.999,45092.31854060,287,0.22760000,16110.82097860,0
2026-04-13 09:59:00,70787.47000000,70792.89000000,70787.46000000,70792.88000000,1.21224000,2026-04-13 09:59:59.999,85813.78258000,381,0.68667000,48609.03827900,0
2026-04-13 10:00:00,70792.89000000,70803.33000000,70791.65000000,70793.33000000,1.94530000,2026-04-13 10:00:59.999,137718.35288090,703,1.22425000,86670.88405660,0
2026-04-13 10:01:00,70793.33000000,70793.33000000,70762.43000000,70779.95000000,3.55043000,2026-04-13 10:01:59.999,251271.76990460,1541,1.91737000,135692.24801160,0
2026-04-13 10:02:00,70779.96000000,70786.13000000,70769.61000000,70777.54000000,2.04744000,2026-04-13 10:02:59.999,144916.06195450,908,0.74525000,52749.47033700,0
2026-04-13 10:03:00,70777.53000000,70777.54000000,70777.53000000,70777.53000000,0.41374000,2026-04-13 10:03:59.999,29283.49663860,153,0.13764000,9741.82060560,0
2026-04-13 10:04:00,70777.53000000,70794.99000000,70777.53000000,70792.19000000,0.94259000,2026-04-13 10:04:59.999,66722.98707780,642,0.40012000,28321.04812910,0
2026-04-13 10:05:00,70792.19000000,70846.90000000,70792.18000000,70826.22000000,2.65755000,2026-04-13 10:05:59.999,188193.55968450,1841,2.13305000,151045.28973240,0
2026-04-13 10:06:00,70826.21000000,70826.22000000,70816.00000000,70819.80000000,9.19852000,2026-04-13 10:06:59.999,651439.21689360,753,8.87149000,628278.54659100,0
2026-04-13 10:07:00,70819.80000000,70845.09000000,70819.80000000,70832.70000000,1.90130000,2026-04-13 10:07:59.999,134678.50794230,1042,0.60035000,42523.38896130,0
2026-04-13 10:08:00,70832.70000000,70841.10000000,70832.69000000,70835.03000000,1.48643000,2026-04-13 10:08:59.999,105292.15189510,607,0.61616000,43644.73833900,0
2026-04-13 10:09:00,70835.03000000,70835.11000000,70810.53000000,70810.53000000,1.99751000,2026-04-13 10:09:59.999,141481.26541510,1001,0.80516000,57028.54870520,0
2026-04-13 10:10:00,70810.53000000,70814.65000000,70792.18000000,70814.64000000,1.37989000,2026-04-13 10:10:59.999,97701.45043660,1145,1.07120000,75844.36529000,0
2026-04-13 10:11:00,70814.64000000,70835.11000000,70814.64000000,70830.00000000,6.58565000,2026-04-13 10:11:59.999,466398.92781370,810,6.24035000,441943.52857440,0
2026-04-13 10:12:00,70830.00000000,70835.11000000,70823.45000000,70823.45000000,1.35282000,2026-04-13 10:12:59.999,95822.06218160,590,0.64356000,45583.71716710,0
2026-04-13 10:13:00,70823.45000000,70823.45000000,70820.71000000,70820.71000000,0.83547000,2026-04-13 10:13:59.999,59168.61561080,154,0.74582000,52819.50939040,0
2026-04-13 10:14:00,70820.71000000,70820.72000000,70820.71000000,70820.72000000,0.51014000,2026-04-13 10:14:59.999,36128.47977400,122,0.27746000,19649.91697120,0
2026-04-13 10:15:00,70820.72000000,70820.72000000,70718.00000000,70723.60000000,8.77095000,2026-04-13 10:15:59.999,620586.16809220,2188,1.35382000,95763.23898060,0
2026-04-13 10:16:00,70723.60000000,70746.33000000,70723.59000000,70746.25000000,2.02153000,2026-04-13 10:16:59.999,142990.43254360,902,1.13496000,80277.89555670,0
2026-04-13 10:17:00,70743.00000000,70743.00000000,70730.00000000,70730.00000000,2.59837000,2026-04-13 10:17:59.999,183799.81754010,444,0.10744000,7599.86900250,0
2026-04-13 10:18:00,70730.01000000,70753.87000000,70730.00000000,70753.87000000,1.91512000,2026-04-13 10:18:59.999,135467.01561770,1204,1.32674000,93846.02267720,0
2026-04-13 10:19:00,70753.88000000,70782.30000000,70753.87000000,70782.29000000,0.68403000,2026-04-13 10:19:59.999,48413.05016430,996,0.35488000,25115.75042500,0
2026-04-13 10:20:00,70782.29000000,70782.29000000,70776.48000000,70779.91000000,1.13912000,2026-04-13 10:20:59.999,80627.00149640,399,0.30308000,21451.45217020,0
2026-04-13 10:21:00,70779.92000000,70796.87000000,70771.72000000,70796.87000000,12.45255000,2026-04-13 10:21:59.999,881339.27402860,1556,7.06161000,499780.32487830,0
2026-04-13 10:22:00,70796.87000000,70807.05000000,70796.86000000,70798.88000000,6.36093000,2026-04-13 10:22:59.999,450359.34080270,614,4.86027000,344111.99275500,0
2026-04-13 10:23:00,70798.88000000,70798.89000000,70749.76000000,70749.76000000,3.54616000,2026-04-13 10:23:59.999,251025.11063950,1460,0.13368000,9461.55579250,0
2026-04-13 10:24:00,70749.76000000,70750.59000000,70745.19000000,70745.19000000,1.00243000,2026-04-13 10:24:59.999,70921.52273830,550,0.72912000,51585.01369990,0
2026-04-13 10:25:00,70745.20000000,70764.78000000,70745.20000000,70761.77000000,2.28778000,2026-04-13 10:25:59.999,161864.31634150,921,1.41639000,100210.71545340,0
2026-04-13 10:26:00,70761.76000000,70771.70000000,70761.76000000,70766.02000000,6.10594000,2026-04-13 10:26:59.999,432126.08230780,473,0.28902000,20453.32095630,0
2026-04-13 10:27:00,70766.01000000,70774.77000000,70746.52000000,70749.15000000,1.19892000,2026-04-13 10:27:59.999,84839.47987240,1124,0.52415000,37088.70876260,0
2026-04-13 10:28:00,70749.16000000,70785.59000000,70749.16000000,70779.69000000,1.79741000,2026-04-13 10:28:59.999,127190.48649420,1074,0.98466000,69678.29063920,0
2026-04-13 10:29:00,70779.69000000,70788.25000000,70768.58000000,70768.58000000,2.99980000,2026-04-13 10:29:59.999,212319.52796310,766,0.45388000,32126.18502800,0
2026-04-13 10:30:00,70768.59000000,70799.06000000,70768.58000000,70790.86000000,1.80068000,2026-04-13 10:30:59.999,127454.32880070,1089,1.47920000,104696.42603120,0
2026-04-13 10:31:00,70790.87000000,70790.87000000,70773.07000000,70773.08000000,2.13817000,2026-04-13 10:31:59.999,151346.69682480,559,0.21082000,14921.19358120,0
2026-04-13 10:32:00,70773.08000000,70773.08000000,70754.23000000,70754.24000000,1.20355000,2026-04-13 10:32:59.999,85171.64628240,632,0.20978000,14844.64533100,0
2026-04-13 10:33:00,70754.23000000,70759.69000000,70749.79000000,70759.69000000,2.61253000,2026-04-13 10:33:59.999,184839.55115960,846,1.34840000,95401.41061510,0
2026-04-13 10:34:00,70759.69000000,70764.54000000,70744.00000000,70744.01000000,4.04823000,2026-04-13 10:34:59.999,286457.84409930,856,0.51243000,36259.44571160,0
2026-04-13 10:35:00,70744.00000000,70744.01000000,70688.28000000,70702.42000000,5.10561000,2026-04-13 10:35:59.999,361031.80142450,1735,0.56037000,39616.23691920,0
2026-04-13 10:36:00,70702.43000000,70777.90000000,70702.42000000,70777.89000000,12.87481000,2026-04-13 10:36:59.999,910812.45670990,2322,11.48798000,812715.61750890,0
2026-04-13 10:37:00,70777.90000000,70820.84000000,70777.89000000,70808.10000000,5.85822000,2026-04-13 10:37:59.999,414767.43302850,1311,5.32078000,376710.40955780,0
2026-04-13 10:38:00,70808.10000000,70830.77000000,70808.09000000,70830.76000000,1.96255000,2026-04-13 10:38:59.999,138979.76886060,1375,1.42928000,101215.54980530,0
2026-04-13 10:39:00,70830.77000000,70835.11000000,70824.74000000,70835.11000000,2.96277000,2026-04-13 10:39:59.999,209854.29175750,517,2.60742000,184684.34397830,0
2026-04-13 10:40:00,70835.11000000,70835.11000000,70827.37000000,70827.38000000,1.87158000,2026-04-13 10:40:59.999,132563.88923730,397,1.18228000,83738.53574690,0
2026-04-13 10:41:00,70827.38000000,70827.38000000,70792.69000000,70792.70000000,1.39504000,2026-04-13 10:41:59.999,98790.27470630,1136,0.29634000,20984.86686250,0
2026-04-13 10:42:00,70792.70000000,70809.39000000,70789.05000000,70789.06000000,2.59528000,2026-04-13 10:42:59.999,183745.84830740,1443,1.55013000,109745.77016890,0
2026-04-13 10:43:00,70789.06000000,70789.06000000,70759.02000000,70759.03000000,1.36012000,2026-04-13 10:43:59.999,96258.84940040,785,0.39967000,28284.95917720,0
2026-04-13 10:44:00,70759.03000000,70771.83000000,70759.02000000,70771.83000000,2.43850000,2026-04-13 10:44:59.999,172561.27320510,954,1.85445000,131230.29868820,0
2026-04-13 10:45:00,70771.83000000,70771.83000000,70750.00000000,70757.07000000,1.78373000,2026-04-13 10:45:59.999,126211.47035760,1083,0.42150000,29822.40029320,0
2026-04-13 10:46:00,70757.07000000,70793.28000000,70757.07000000,70768.16000000,3.31840000,2026-04-13 10:46:59.999,234851.76400620,1252,2.39299000,169355.73752890,0
2026-04-13 10:47:00,70768.15000000,70805.76000000,70768.15000000,70782.38000000,3.17923000,2026-04-13 10:47:59.999,225060.26263620,1643,1.66339000,117738.85753000,0
2026-04-13 10:48:00,70782.39000000,70794.82000000,70782.38000000,70794.81000000,2.06995000,2026-04-13 10:48:59.999,146532.34789330,474,1.35266000,95752.37616440,0
2026-04-13 10:49:00,70794.82000000,70794.82000000,70769.13000000,70769.13000000,1.91802000,2026-04-13 10:49:59.999,135750.58315430,1480,0.53886000,38135.92740190,0
2026-04-13 10:50:00,70769.13000000,70769.13000000,70761.01000000,70764.04000000,3.28609000,2026-04-13 10:50:59.999,232538.51404080,981,1.30954000,92666.76732450,0
2026-04-13 10:51:00,70764.03000000,70801.90000000,70764.03000000,70801.90000000,4.19667000,2026-04-13 10:51:59.999,297049.42014470,1182,1.33743000,94666.18667490,0
2026-04-13 10:52:00,70801.89000000,70801.90000000,70768.37000000,70768.37000000,1.54136000,2026-04-13 10:52:59.999,109106.42989390,992,0.51158000,36209.39584400,0
2026-04-13 10:53:00,70768.37000000,70768.38000000,70754.12000000,70754.12000000,1.38889000,2026-04-13 10:53:59.999,98284.96548540,420,0.83087000,58796.28152570,0
2026-04-13 10:54:00,70754.12000000,70754.13000000,70709.63000000,70722.13000000,4.68201000,2026-04-13 10:54:59.999,331164.52394250,1401,1.42423000,100720.56455310,0
2026-04-13 10:55:00,70722.13000000,70737.66000000,70722.13000000,70737.66000000,2.19103000,2026-04-13 10:55:59.999,154967.74143530,787,1.57065000,111084.99342850,0
2026-04-13 10:56:00,70737.66000000,70773.20000000,70732.22000000,70773.20000000,2.12204000,2026-04-13 10:56:59.999,150137.91027700,1410,1.73945000,123072.92308390,0
2026-04-13 10:57:00,70773.20000000,70781.03000000,70768.92000000,70778.11000000,1.60185000,2026-04-13 10:57:59.999,113372.00947110,732,0.58343000,41290.99218640,0
2026-04-13 10:58:00,70778.74000000,70778.74000000,70740.71000000,70740.72000000,0.97968000,2026-04-13 10:58:59.999,69321.76745860,1118,0.27732000,19624.62211230,0
2026-04-13 10:59:00,70740.71000000,70756.92000000,70732.23000000,70755.88000000,1.82390000,2026-04-13 10:59:59.999,129021.97999960,1001,1.11198000,78659.75553790,0
2026-04-13 11:00:00,70755.89000000,70858.74000000,70736.29000000,70770.36000000,18.49632000,2026-04-13 11:00:59.999,1309469.61808950,5922,13.55222000,959404.59962680,0
2026-04-13 11:01:00,70770.36000000,70777.29000000,70762.74000000,70762.75000000,4.85093000,2026-04-13 11:01:59.999,343294.19940130,750,1.56623000,110833.38566000,0
2026-04-13 11:02:00,70762.75000000,70808.48000000,70762.74000000,70798.97000000,2.37576000,2026-04-13 11:02:59.999,168171.72301110,1721,1.71491000,121388.98781530,0
2026-04-13 11:03:00,70798.98000000,70844.00000000,70791.24000000,70844.00000000,1.64758000,2026-04-13 11:03:59.999,116667.13157630,1225,1.20827000,85562.00723990,0
2026-04-13 11:04:00,70844.00000000,70844.95000000,70831.05000000,70831.05000000,3.29996000,2026-04-13 11:04:59.999,233775.94980250,869,0.58657000,41554.91764840,0
2026-04-13 11:05:00,70831.06000000,70846.90000000,70831.05000000,70846.89000000,4.13509000,2026-04-13 11:05:59.999,292924.31163280,922,2.67085000,189195.66207720,0
2026-04-13 11:06:00,70846.90000000,70865.27000000,70846.89000000,70865.26000000,2.53238000,2026-04-13 11:06:59.999,179435.13202760,518,1.74788000,123850.64831980,0
2026-04-13 11:07:00,70865.26000000,70865.27000000,70844.70000000,70852.20000000,3.66605000,2026-04-13 11:07:59.999,259749.40357110,1089,2.22483000,157625.01251320,0
2026-04-13 11:08:00,70852.20000000,70870.00000000,70852.20000000,70869.99000000,5.85917000,2026-04-13 11:08:59.999,415216.90081530,679,5.73828000,406650.58937230,0
2026-04-13 11:09:00,70870.00000000,70870.00000000,70852.19000000,70852.20000000,1.05002000,2026-04-13 11:09:59.999,74406.09756200,765,0.24364000,17264.96815960,0
2026-04-13 11:10:00,70852.20000000,70870.00000000,70852.19000000,70870.00000000,1.27698000,2026-04-13 11:10:59.999,90489.25110510,483,0.91876000,65102.94706040,0
2026-04-13 11:11:00,70869.99000000,70875.24000000,70860.44000000,70860.44000000,8.05809000,2026-04-13 11:11:59.999,571074.66536840,865,5.48823000,388951.75542150,0
2026-04-13 11:12:00,70860.45000000,70868.55000000,70858.62000000,70858.63000000,1.41362000,2026-04-13 11:12:59.999,100175.57733210,676,0.86741000,61468.73272450,0
2026-04-13 11:13:00,70858.62000000,70858.63000000,70856.77000000,70856.78000000,0.41244000,2026-04-13 11:13:59.999,29224.50806350,156,0.26273000,18616.34425940,0
2026-04-13 11:14:00,70856.78000000,70870.79000000,70856.77000000,70870.78000000,1.59878000,2026-04-13 11:14:59.999,113288.04870380,492,1.26810000,89856.15238260,0
2026-04-13 11:15:00,70870.79000000,70888.00000000,70870.78000000,70883.03000000,3.05406000,2026-04-13 11:15:59.999,216471.23887840,584,2.78157000,197156.33210100,0
2026-04-13 11:16:00,70883.04000000,70883.04000000,70848.49000000,70848.49000000,1.53580000,2026-04-13 11:16:59.999,108832.60153580,1142,0.42962000,30444.67347230,0
2026-04-13 11:17:00,70848.50000000,70860.18000000,70848.50000000,70860.17000000,2.24738000,2026-04-13 11:17:59.999,159242.03370480,417,2.07871000,147290.05278690,0
2026-04-13 11:18:00,70860.17000000,70869.76000000,70852.28000000,70852.28000000,2.78198000,2026-04-13 11:18:59.999,197130.30995540,762,1.42731000,101135.65897000,0
2026-04-13 11:19:00,70852.29000000,70861.31000000,70852.28000000,70861.30000000,2.02054000,2026-04-13 11:19:59.999,143168.48351040,356,1.87011000,132509.89871580,0
2026-04-13 11:20:00,70861.31000000,70884.30000000,70861.30000000,70884.29000000,2.30912000,2026-04-13 11:20:59.999,163647.78498710,818,2.16831000,153668.67810230,0
2026-04-13 11:21:00,70884.30000000,70906.67000000,70876.00000000,70876.00000000,4.07833000,2026-04-13 11:21:59.999,289118.55181080,1369,3.55610000,252096.03372910,0
2026-04-13 11:22:00,70876.01000000,70876.01000000,70861.82000000,70861.83000000,3.22371000,2026-04-13 11:22:59.999,228480.17330040,745,2.20994000,156631.65495520,0
2026-04-13 11:23:00,70861.83000000,70880.46000000,70861.82000000,70880.46000000,4.65108000,2026-04-13 11:23:59.999,329634.46084210,644,3.29209000,233310.68608650,0
2026-04-13 11:24:00,70880.46000000,70889.43000000,70842.48000000,70870.91000000,6.39041000,2026-04-13 11:24:59.999,452893.00091360,2235,4.56343000,323409.66191310,0
2026-04-13 11:25:00,70870.91000000,70881.92000000,70851.50000000,70878.60000000,6.58581000,2026-04-13 11:25:59.999,466712.27930860,1858,5.48598000,388771.08119710,0
2026-04-13 11:26:00,70878.60000000,70883.12000000,70861.19000000,70867.09000000,3.83987000,2026-04-13 11:26:59.999,272151.42002050,787,1.05998000,75119.43811110,0
2026-04-13 11:27:00,70867.08000000,70867.09000000,70867.08000000,70867.08000000,0.50163000,2026-04-13 11:27:59.999,35549.05492290,162,0.15825000,11214.71699250,0
2026-04-13 11:28:00,70867.09000000,70868.00000000,70867.08000000,70868.00000000,1.13453000,2026-04-13 11:28:59.999,80401.09590090,238,0.87000000,61654.42414380,0
2026-04-13 11:29:00,70867.99000000,70868.00000000,70866.31000000,70866.32000000,1.29373000,2026-04-13 11:29:59.999,91682.40457580,276,0.85616000,60673.10068470,0
2026-04-13 11:30:00,70866.32000000,70897.00000000,70866.31000000,70892.31000000,11.65588000,2026-04-13 11:30:59.999,826150.89655270,1285,9.33436000,661586.62637590,0
2026-04-13 11:31:00,70892.31000000,70892.31000000,70883.10000000,70883.11000000,0.64022000,2026-04-13 11:31:59.999,45382.95329160,478,0.27787000,19696.51278370,0
2026-04-13 11:32:00,70883.10000000,70883.11000000,70849.29000000,70849.29000000,2.41464000,2026-04-13 11:32:59.999,171096.59203850,972,0.18538000,13135.58885260,0
2026-04-13 11:33:00,70849.30000000,70849.30000000,70843.20000000,70843.20000000,2.14790000,2026-04-13 11:33:59.999,152165.17754750,397,0.19814000,14036.98294490,0
2026-04-13 11:34:00,70843.20000000,70856.03000000,70841.71000000,70841.71000000,1.52733000,2026-04-13 11:34:59.999,108205.34401010,836,1.04878000,74300.95109270,0
2026-04-13 11:35:00,70841.71000000,70848.01000000,70838.94000000,70838.95000000,2.32265000,2026-04-13 11:35:59.999,164538.32382260,654,0.45470000,32211.78732460,0
2026-04-13 11:36:00,70838.95000000,70838.95000000,70806.22000000,70817.36000000,5.96716000,2026-04-13 11:36:59.999,422627.28259440,2476,1.58993000,112590.44016360,0
2026-04-13 11:37:00,70817.37000000,70833.30000000,70817.37000000,70833.29000000,0.73109000,2026-04-13 11:37:59.999,51780.20163890,701,0.43206000,30600.81016470,0
2026-04-13 11:38:00,70833.30000000,70875.55000000,70833.30000000,70875.55000000,3.28286000,2026-04-13 11:38:59.999,232588.59458320,1290,2.24225000,158856.21970430,0
2026-04-13 11:39:00,70875.55000000,70876.04000000,70848.73000000,70848.73000000,16.64500000,2026-04-13 11:39:59.999,1179694.18352800,990,1.56954000,111239.27112690,0
2026-04-13 11:40:00,70848.74000000,70891.49000000,70848.73000000,70877.51000000,5.56276000,2026-04-13 11:40:59.999,394301.48800770,1429,1.36475000,96712.72540020,0
2026-04-13 11:41:00,70877.51000000,70883.99000000,70865.28000000,70876.37000000,2.42129000,2026-04-13 11:41:59.999,171610.33830330,1036,0.96380000,68307.33025850,0
2026-04-13 11:42:00,70876.37000000,70923.46000000,70876.36000000,70902.66000000,12.22421000,2026-04-13 11:42:59.999,866805.02043860,2303,6.74960000,478594.72786030,0
2026-04-13 11:43:00,70902.65000000,70950.00000000,70902.65000000,70936.82000000,5.27093000,2026-04-13 11:43:59.999,373893.11273540,1730,4.10372000,291092.50336580,0
2026-04-13 11:44:00,70936.82000000,70942.80000000,70932.92000000,70936.04000000,2.90174000,2026-04-13 11:44:59.999,205841.00823860,843,2.53442000,179783.72915380,0
2026-04-13 11:45:00,70936.03000000,70968.00000000,70936.03000000,70956.96000000,11.71994000,2026-04-13 11:45:59.999,831575.59597350,1215,8.66041000,614494.19923170,0
2026-04-13 11:46:00,70956.96000000,70988.42000000,70932.35000000,70975.81000000,17.72450000,2026-04-13 11:46:59.999,1257676.80798140,2631,5.13603000,364471.57939060,0
2026-04-13 11:47:00,70975.82000000,70997.12000000,70943.74000000,70948.00000000,6.35158000,2026-04-13 11:47:59.999,450832.74187870,2340,2.72378000,193333.58121480,0
2026-04-13 11:48:00,70948.00000000,70954.58000000,70946.89000000,70952.09000000,2.43801000,2026-04-13 11:48:59.999,172974.99362140,916,1.92251000,136399.97944390,0
2026-04-13 11:49:00,70952.08000000,70952.09000000,70915.25000000,70926.55000000,6.16209000,2026-04-13 11:49:59.999,437061.67786160,2049,1.74120000,123486.18603380,0
2026-04-13 11:50:00,70926.55000000,70942.59000000,70915.20000000,70931.22000000,8.36290000,2026-04-13 11:50:59.999,593231.55343400,1558,1.41928000,100671.37240260,0
2026-04-13 11:51:00,70931.22000000,70934.81000000,70916.61000000,70931.25000000,1.30444000,2026-04-13 11:51:59.999,92517.31821870,922,0.66428000,47112.69894720,0
2026-04-13 11:52:00,70931.25000000,70939.69000000,70924.80000000,70924.80000000,2.85493000,2026-04-13 11:52:59.999,202512.86251760,1020,1.78943000,126932.77918970,0
2026-04-13 11:53:00,70924.81000000,70960.73000000,70922.03000000,70960.73000000,4.19698000,2026-04-13 11:53:59.999,297742.92887700,1051,3.43430000,243642.87097940,0
2026-04-13 11:54:00,70960.73000000,70964.07000000,70953.66000000,70953.66000000,1.40159000,2026-04-13 11:54:59.999,99453.03108240,769,0.62421000,44293.34907250,0
2026-04-13 11:55:00,70953.67000000,70953.67000000,70943.65000000,70951.80000000,1.62593000,2026-04-13 11:55:59.999,115355.87645010,808,0.95200000,67542.66081500,0
2026-04-13 11:56:00,70951.80000000,70951.80000000,70925.81000000,70925.91000000,5.71078000,2026-04-13 11:56:59.999,405096.63051830,1178,1.52262000,108000.83832810,0
2026-04-13 11:57:00,70925.92000000,70957.77000000,70925.91000000,70957.76000000,2.71978000,2026-04-13 11:57:59.999,192963.08912510,806,2.33572000,165715.45989440,0
2026-04-13 11:58:00,70957.76000000,70957.76000000,70939.67000000,70939.67000000,2.26421000,2026-04-13 11:58:59.999,160652.64919670,731,0.17969000,12749.12053460,0
2026-04-13 11:59:00,70939.66000000,70939.66000000,70929.67000000,70929.68000000,3.46452000,2026-04-13 11:59:59.999,245741.30110870,468,0.11644000,8259.12331680,0
2026-04-13 12:00:00,70929.68000000,70929.68000000,70868.24000000,70888.27000000,6.13481000,2026-04-13 12:00:59.999,434941.36664930,2627,1.13695000,80592.37071040,0
2026-04-13 12:01:00,70888.28000000,70888.28000000,70850.00000000,70851.23000000,7.91570000,2026-04-13 12:01:59.999,560939.33363180,1384,0.87027000,61663.47588450,0
2026-04-13 12:02:00,70851.22000000,70915.71000000,70847.75000000,70855.98000000,9.88990000,2026-04-13 12:02:59.999,700909.10567280,3760,4.92685000,349179.04433270,0
2026-04-13 12:03:00,70855.98000000,70913.98000000,70855.98000000,70889.65000000,4.66047000,2026-04-13 12:03:59.999,330393.86981500,2634,3.00049000,212702.38446150,0
2026-04-13 12:04:00,70889.65000000,70889.65000000,70853.70000000,70854.07000000,7.96510000,2026-04-13 12:04:59.999,564483.25120530,2118,1.80121000,127638.50870670,0
2026-04-13 12:05:00,70854.06000000,70895.58000000,70841.35000000,70895.57000000,2.19941000,2026-04-13 12:05:59.999,155872.52517640,1559,1.80841000,128162.53736570,0
2026-04-13 12:06:00,70895.58000000,70930.00000000,70878.96000000,70925.01000000,7.54782000,2026-04-13 12:06:59.999,535222.61950970,1800,4.96468000,352027.64195320,0
2026-04-13 12:07:00,70925.01000000,70962.37000000,70922.42000000,70935.67000000,9.62800000,2026-04-13 12:07:59.999,683034.57438260,1804,6.33476000,449394.70324080,0
2026-04-13 12:08:00,70935.67000000,71061.21000000,70935.66000000,71002.75000000,43.54536000,2026-04-13 12:08:59.999,3092979.87363460,4028,34.59171000,2456878.70261280,0
2026-04-13 12:09:00,71002.75000000,71017.17000000,70985.82000000,71017.17000000,11.25948000,2026-04-13 12:09:59.999,799424.57578000,2193,6.14651000,436415.97838520,0
2026-04-13 12:10:00,71017.16000000,71024.03000000,70995.49000000,71015.89000000,5.79051000,2026-04-13 12:10:59.999,411179.27218720,1512,3.92548000,278740.86557570,0
2026-04-13 12:11:00,71015.89000000,71024.03000000,71006.05000000,71016.17000000,4.54071000,2026-04-13 12:11:59.999,322461.13415690,978,1.82234000,129414.00104830,0
2026-04-13 12:12:00,71016.16000000,71044.62000000,71016.16000000,71016.60000000,3.65314000,2026-04-13 12:12:59.999,259481.62854330,1790,1.83753000,130522.72364000,0
2026-04-13 12:13:00,71016.59000000,71016.60000000,70980.92000000,70980.92000000,1.79905000,2026-04-13 12:13:59.999,127723.42671260,1229,0.30306000,21516.92180060,0
2026-04-13 12:14:00,70980.92000000,70980.93000000,70965.69000000,70965.70000000,1.85777000,2026-04-13 12:14:59.999,131861.61189180,623,0.18124000,12864.26350390,0
2026-04-13 12:15:00,70965.69000000,70980.42000000,70940.00000000,70977.92000000,8.58115000,2026-04-13 12:15:59.999,608867.18483900,2314,3.29903000,234079.65838100,0
2026-04-13 12:16:00,70977.93000000,70993.77000000,70970.01000000,70970.01000000,6.23186000,2026-04-13 12:16:59.999,442378.48761160,1196,5.48267000,389200.66672350,0
2026-04-13 12:17:00,70970.00000000,70974.59000000,70969.47000000,70969.48000000,1.27117000,2026-04-13 12:17:59.999,90215.28041310,473,0.65244000,46303.95309650,0
2026-04-13 12:18:00,70969.47000000,70969.47000000,70932.20000000,70938.64000000,4.58968000,2026-04-13 12:18:59.999,325601.40051620,1885,1.21689000,86322.52465790,0
2026-04-13 12:19:00,70938.64000000,70938.64000000,70934.35000000,70934.35000000,0.80314000,2026-04-13 12:19:59.999,56973.35647620,282,0.20873000,14806.81988320,0
2026-04-13 12:20:00,70934.35000000,70934.35000000,70908.70000000,70915.24000000,6.35878000,2026-04-13 12:20:59.999,450965.94832140,2280,3.65140000,258952.50392190,0
2026-04-13 12:21:00,70915.23000000,70938.98000000,70915.23000000,70929.34000000,2.33670000,2026-04-13 12:21:59.999,165741.53725950,1078,1.21724000,86330.62182170,0
2026-04-13 12:22:00,70929.34000000,70938.01000000,70929.34000000,70938.01000000,2.44459000,2026-04-13 12:22:59.999,173413.33167590,328,1.37223000,97342.26589750,0
2026-04-13 12:23:00,70938.00000000,70949.99000000,70938.00000000,70945.30000000,10.81588000,2026-04-13 12:23:59.999,767282.19666900,767,10.50842000,745469.46642030,0
2026-04-13 12:24:00,70945.30000000,70945.30000000,70899.68000000,70899.68000000,6.73223000,2026-04-13 12:24:59.999,477460.12973040,1307,0.54193000,38435.84685070,0
2026-04-13 12:25:00,70899.69000000,70904.00000000,70890.82000000,70890.82000000,1.47504000,2026-04-13 12:25:59.999,104577.99286430,661,0.91403000,64804.03483670,0
2026-04-13 12:26:00,70890.82000000,70904.83000000,70890.82000000,70899.64000000,1.44377000,2026-04-13 12:26:59.999,102358.49840360,888,1.15835000,82121.91393530,0
2026-04-13 12:27:00,70899.64000000,70901.55000000,70899.64000000,70901.54000000,0.50882000,2026-04-13 12:27:59.999,36075.25586030,167,0.37225000,26392.44165650,0
2026-04-13 12:28:00,70901.55000000,70901.55000000,70881.44000000,70881.44000000,5.39135000,2026-04-13 12:28:59.999,382243.40088120,883,0.32924000,23341.07985420,0
2026-04-13 12:29:00,70881.44000000,70881.45000000,70862.06000000,70862.06000000,2.83919000,2026-04-13 12:29:59.999,201198.55998220,977,0.92610000,65627.84870120,0
2026-04-13 12:30:00,70862.07000000,70870.84000000,70862.06000000,70867.32000000,2.62841000,2026-04-13 12:30:59.999,186261.57343360,963,1.72726000,122399.36012320,0
2026-04-13 12:31:00,70867.32000000,70867.33000000,70817.38000000,70845.10000000,14.13931000,2026-04-13 12:31:59.999,1001602.62494030,2592,3.21873000,227985.90433390,0
2026-04-13 12:32:00,70845.09000000,70845.09000000,70792.25000000,70814.98000000,5.48529000,2026-04-13 12:32:59.999,388437.08450670,2027,0.85167000,60303.87207260,0
2026-04-13 12:33:00,70814.97000000,70875.99000000,70814.97000000,70870.07000000,5.00501000,2026-04-13 12:33:59.999,354557.77908580,2334,2.97805000,210968.93419060,0
2026-04-13 12:34:00,70870.06000000,70905.56000000,70862.00000000,70862.00000000,30.88884000,2026-04-13 12:34:59.999,2189468.26727430,2717,24.08071000,1706765.62903090,0
2026-04-13 12:35:00,70862.00000000,70862.00000000,70828.32000000,70833.54000000,6.48452000,2026-04-13 12:35:59.999,459347.24538420,1591,5.24678000,371661.89219240,0
2026-04-13 12:36:00,70833.55000000,70833.55000000,70820.87000000,70820.87000000,1.26416000,2026-04-13 12:36:59.999,89539.90852890,580,0.54951000,38921.00085870,0
2026-04-13 12:37:00,70820.88000000,70842.97000000,70811.71000000,70811.71000000,2.52932000,2026-04-13 12:37:59.999,179142.49177310,2553,1.41389000,100136.91941390,0
2026-04-13 12:38:00,70811.71000000,70811.72000000,70787.03000000,70790.40000000,2.22299000,2026-04-13 12:38:59.999,157377.01649580,989,0.25197000,17838.68407140,0
2026-04-13 12:39:00,70790.41000000,70811.44000000,70785.26000000,70802.97000000,6.51909000,2026-04-13 12:39:59.999,461532.76969910,1536,5.36859000,380083.07049520,0
2026-04-13 12:40:00,70802.00000000,70823.43000000,70798.24000000,70816.34000000,4.29781000,2026-04-13 12:40:59.999,304350.77360450,1054,3.35203000,237372.44189750,0
2026-04-13 12:41:00,70816.34000000,70816.34000000,70802.97000000,70812.08000000,0.98484000,2026-04-13 12:41:59.999,69736.17182070,744,0.74747000,52927.86492550,0
2026-04-13 12:42:00,70812.08000000,70812.08000000,70758.50000000,70790.14000000,15.22459000,2026-04-13 12:42:59.999,1077676.50799500,2503,2.79613000,197896.87961170,0
2026-04-13 12:43:00,70790.14000000,70832.14000000,70790.00000000,70819.02000000,7.83496000,2026-04-13 12:43:59.999,554796.89515230,1600,6.66934000,472256.03346120,0
2026-04-13 12:44:00,70819.02000000,70842.31000000,70819.02000000,70836.58000000,0.97457000,2026-04-13 12:44:59.999,69033.87408220,897,0.49314000,34930.19425480,0
2026-04-13 12:45:00,70836.58000000,70889.43000000,70836.57000000,70889.43000000,2.24883000,2026-04-13 12:45:59.999,159367.21196130,1660,2.04301000,144781.31637150,0
2026-04-13 12:46:00,70889.44000000,70910.39000000,70889.44000000,70910.39000000,5.44301000,2026-04-13 12:46:59.999,385945.30486890,1480,1.71346000,121488.23696040,0
2026-04-13 12:47:00,70910.39000000,70925.48000000,70882.36000000,70882.36000000,13.64867000,2026-04-13 12:47:59.999,967893.71327940,2192,5.58327000,395933.29588070,0
2026-04-13 12:48:00,70882.35000000,70883.11000000,70865.00000000,70877.31000000,4.08237000,2026-04-13 12:48:59.999,289318.36455250,1829,2.49099000,176536.25155590,0
2026-04-13 12:49:00,70877.32000000,70894.00000000,70877.31000000,70891.29000000,2.26380000,2026-04-13 12:49:59.999,160467.10690460,975,1.63503000,115893.28851170,0
2026-04-13 12:50:00,70891.30000000,70896.71000000,70891.29000000,70896.71000000,0.53862000,2026-04-13 12:50:59.999,38184.45841680,717,0.27623000,19582.54652420,0
2026-04-13 12:51:00,70896.70000000,70943.88000000,70896.70000000,70943.88000000,3.96584000,2026-04-13 12:51:59.999,281248.76962870,1608,3.33658000,236627.79476460,0
2026-04-13 12:52:00,70943.87000000,71037.47000000,70943.87000000,71037.46000000,17.77282000,2026-04-13 12:52:59.999,1261621.59342920,4161,15.07115000,1069779.07004070,0
2026-04-13 12:53:00,71037.46000000,71175.00000000,71037.46000000,71155.79000000,35.35232000,2026-04-13 12:53:59.999,2513514.60443800,5817,30.60388000,2175844.68454260,0
2026-04-13 12:54:00,71155.79000000,71212.39000000,71135.56000000,71208.05000000,29.70973000,2026-04-13 12:54:59.999,2115007.02333500,6902,16.95459000,1206917.00768430,0
2026-04-13 12:55:00,71208.05000000,71219.80000000,71140.86000000,71140.87000000,14.29081000,2026-04-13 12:55:59.999,1017537.51163420,4453,8.75105000,623132.01078770,0
2026-04-13 12:56:00,71140.86000000,71152.27000000,71090.00000000,71090.10000000,11.35781000,2026-04-13 12:56:59.999,807663.50323710,2796,6.19753000,440700.96435070,0
2026-04-13 12:57:00,71090.11000000,71116.00000000,71082.22000000,71106.29000000,13.45684000,2026-04-13 12:57:59.999,956782.56613590,2243,7.32147000,520537.60831230,0
2026-04-13 12:58:00,71106.00000000,71106.00000000,71090.00000000,71090.01000000,4.43791000,2026-04-13 12:58:59.999,315525.41620950,1240,0.28784000,20464.66717310,0
2026-04-13 12:59:00,71090.00000000,71098.58000000,71074.91000000,71074.91000000,4.86533000,2026-04-13 12:59:59.999,345878.74878600,1960,1.94137000,138014.20229940,0
2026-04-13 13:00:00,71074.92000000,71133.60000000,71074.92000000,71110.83000000,6.64973000,2026-04-13 13:00:59.999,472834.15092970,3168,4.24148000,301580.13857850,0
2026-04-13 13:01:00,71110.84000000,71117.99000000,71094.88000000,71117.98000000,8.41634000,2026-04-13 13:01:59.999,598513.74662860,1852,6.87160000,488665.90081390,0
2026-04-13 13:02:00,71117.99000000,71177.07000000,71117.98000000,71171.55000000,10.55164000,2026-04-13 13:02:59.999,750725.03105440,2798,4.37208000,311099.17057840,0
2026-04-13 13:03:00,71171.55000000,71171.56000000,71131.34000000,71145.57000000,7.85726000,2026-04-13 13:03:59.999,559006.92096370,2192,4.10254000,291864.84233850,0
2026-04-13 13:04:00,71145.56000000,71170.04000000,71145.56000000,71167.80000000,12.45559000,2026-04-13 13:04:59.999,886302.08591820,2854,4.40502000,313420.10206050,0
2026-04-13 13:05:00,71167.79000000,71167.80000000,71134.79000000,71134.80000000,4.64018000,2026-04-13 13:05:59.999,330172.69607640,1316,0.75398000,53651.10132150,0
2026-04-13 13:06:00,71134.79000000,71142.06000000,71093.58000000,71103.17000000,7.04167000,2026-04-13 13:06:59.999,500860.83229580,2306,2.06654000,146983.10612970,0
2026-04-13 13:07:00,71103.18000000,71103.18000000,71081.92000000,71086.74000000,5.77743000,2026-04-13 13:07:59.999,410724.24242180,1170,2.23551000,158924.67148830,0
2026-04-13 13:08:00,71086.75000000,71100.00000000,71071.85000000,71076.81000000,9.69682000,2026-04-13 13:08:59.999,689270.64366330,2074,6.99031000,496877.85605140,0
2026-04-13 13:09:00,71076.82000000,71100.00000000,71076.81000000,71091.51000000,4.48066000,2026-04-13 13:09:59.999,318517.74758600,1767,1.68360000,119678.63872150,0
2026-04-13 13:10:00,71091.51000000,71115.29000000,71091.50000000,71115.28000000,2.98432000,2026-04-13 13:10:59.999,212206.72448590,1123,1.22044000,86780.42085640,0
2026-04-13 13:11:00,71115.28000000,71158.16000000,71110.00000000,71153.99000000,7.51045000,2026-04-13 13:11:59.999,534231.96640640,1506,5.20416000,370183.00631990,0
2026-04-13 13:12:00,71153.99000000,71178.24000000,71146.47000000,71178.08000000,13.42623000,2026-04-13 13:12:59.999,955536.83153480,1853,10.51998000,748714.54658050,0
2026-04-13 13:13:00,71178.07000000,71178.08000000,71143.05000000,71156.43000000,6.96549000,2026-04-13 13:13:59.999,495595.46061260,1864,4.36621000,310645.58412470,0
2026-04-13 13:14:00,71156.44000000,71200.00000000,71156.44000000,71199.99000000,9.02173000,2026-04-13 13:14:59.999,642283.32003960,1287,6.17035000,439289.88240970,0
2026-04-13 13:15:00,71200.00000000,71200.00000000,71166.50000000,71166.50000000,10.95605000,2026-04-13 13:15:59.999,779909.19571790,1599,4.83308000,344033.09311360,0
2026-04-13 13:16:00,71166.51000000,71166.51000000,71111.95000000,71157.59000000,15.28090000,2026-04-13 13:16:59.999,1087184.39524790,2348,11.87636000,844961.29763250,0
2026-04-13 13:17:00,71157.58000000,71168.87000000,71144.93000000,71162.69000000,5.19203000,2026-04-13 13:17:59.999,369445.03417630,1169,1.40113000,99699.26675830,0
2026-04-13 13:18:00,71162.69000000,71162.70000000,71129.58000000,71138.72000000,6.48278000,2026-04-13 13:18:59.999,461233.47513210,1389,2.78375000,198035.50605250,0
2026-04-13 13:19:00,71138.73000000,71195.07000000,71134.56000000,71195.06000000,5.04064000,2026-04-13 13:19:59.999,358664.30340940,1771,3.37510000,240167.20001310,0
2026-04-13 13:20:00,71195.06000000,71195.07000000,71151.27000000,71166.00000000,6.79421000,2026-04-13 13:20:59.999,483570.70231340,1471,3.45123000,245630.06903690,0
2026-04-13 13:21:00,71166.00000000,71175.40000000,71153.72000000,71175.39000000,4.71421000,2026-04-13 13:21:59.999,335498.07279400,1088,1.83495000,130592.02805820,0
2026-04-13 13:22:00,71175.39000000,71230.57000000,71163.99000000,71210.06000000,31.35205000,2026-04-13 13:22:59.999,2232124.86428860,2995,22.90220000,1630504.62892260,0
2026-04-13 13:23:00,71210.07000000,71234.71000000,71200.77000000,71217.81000000,17.20443000,2026-04-13 13:23:59.999,1225192.93620430,2616,10.00263000,712336.08193850,0
2026-04-13 13:24:00,71217.82000000,71221.48000000,71200.00000000,71221.48000000,8.34631000,2026-04-13 13:24:59.999,594345.94308350,1580,3.96096000,282055.92713450,0
2026-04-13 13:25:00,71221.48000000,71246.40000000,71208.55000000,71246.39000000,10.04820000,2026-04-13 13:25:59.999,715628.50677910,1954,3.16919000,225717.28471530,0
2026-04-13 13:26:00,71246.40000000,71262.17000000,71244.31000000,71262.16000000,7.23201000,2026-04-13 13:26:59.999,515269.53708730,1412,4.30861000,306978.62586800,0
2026-04-13 13:27:00,71262.16000000,71267.74000000,71166.18000000,71166.18000000,30.08634000,2026-04-13 13:27:59.999,2142518.33756500,3186,8.95056000,637407.38372740,0
2026-04-13 13:28:00,71166.18000000,71217.83000000,71141.66000000,71208.69000000,16.44328000,2026-04-13 13:28:59.999,1170517.80007840,2787,5.85650000,416945.06181870,0
2026-04-13 13:29:00,71208.70000000,71215.83000000,71169.74000000,71185.04000000,7.81817000,2026-04-13 13:29:59.999,556515.54592550,1464,3.91106000,278385.55235970,0
2026-04-13 13:30:00,71185.04000000,71227.08000000,71120.74000000,71146.81000000,21.34432000,2026-04-13 13:30:59.999,1519294.27376190,5738,7.11687000,506613.43988260,0
2026-04-13 13:31:00,71146.80000000,71158.23000000,71096.72000000,71133.98000000,11.07213000,2026-04-13 13:31:59.999,787531.10133520,4237,3.35938000,238930.19192640,0
2026-04-13 13:32:00,71134.00000000,71139.63000000,71104.44000000,71104.45000000,11.26506000,2026-04-13 13:32:59.999,801222.28677510,2459,1.12105000,79729.23021050,0
2026-04-13 13:33:00,71104.44000000,71104.45000000,71038.49000000,71076.99000000,19.30220000,2026-04-13 13:33:59.999,1371740.83146680,3275,3.33768000,237173.90502380,0
2026-04-13 13:34:00,71077.00000000,71125.36000000,71067.02000000,71098.33000000,11.66021000,2026-04-13 13:34:59.999,829074.81849090,4156,6.08743000,432831.15990010,0
2026-04-13 13:35:00,71098.33000000,71098.33000000,71069.59000000,71086.96000000,7.58390000,2026-04-13 13:35:59.999,539093.19796500,2476,2.68333000,190724.99218770,0
2026-04-13 13:36:00,71086.96000000,71086.97000000,71015.24000000,71015.24000000,9.96038000,2026-04-13 13:36:59.999,707663.25844460,3270,2.42099000,171976.45018590,0
2026-04-13 13:37:00,71015.24000000,71035.06000000,70950.00000000,70957.14000000,24.67979000,2026-04-13 13:37:59.999,1751888.96580890,5747,6.21150000,440923.37392920,0
2026-04-13 13:38:00,70957.15000000,70989.78000000,70877.48000000,70886.43000000,27.97531000,2026-04-13 13:38:59.999,1983956.35556860,6967,6.56262000,465419.16251260,0
2026-04-13 13:39:00,70886.43000000,70891.29000000,70818.57000000,70845.26000000,17.85724000,2026-04-13 13:39:59.999,1265372.57308280,5827,8.34486000,591318.35355060,0
2026-04-13 13:40:00,70845.26000000,71001.76000000,70822.91000000,70980.45000000,50.42562000,2026-04-13 13:40:59.999,3575762.19354630,7599,31.94765000,2265047.21983090,0
2026-04-13 13:41:00,70980.46000000,71071.33000000,70976.00000000,71071.32000000,23.72547000,2026-04-13 13:41:59.999,1684939.44111020,3222,18.41598000,1307874.31549720,0
2026-04-13 13:42:00,71071.33000000,71148.00000000,71019.31000000,71061.61000000,44.88992000,2026-04-13 13:42:59.999,3190902.52886260,6893,21.27293000,1512256.73680440,0
2026-04-13 13:43:00,71061.60000000,71061.61000000,70974.70000000,70978.90000000,26.30029000,2026-04-13 13:43:59.999,1867992.11716870,2721,1.99008000,141347.85840780,0
2026-04-13 13:44:00,70978.91000000,71045.55000000,70962.61000000,71038.44000000,16.72481000,2026-04-13 13:44:59.999,1187517.41713610,3216,9.12302000,647800.22351090,0
2026-04-13 13:45:00,71038.43000000,71047.79000000,70953.29000000,71027.26000000,26.22361000,2026-04-13 13:45:59.999,1861836.32286370,5936,8.07317000,573106.96317590,0
2026-04-13 13:46:00,71027.27000000,71072.80000000,70996.25000000,71030.06000000,111.79845000,2026-04-13 13:46:59.999,7943003.60140890,4499,101.52560000,7213337.36038890,0
2026-04-13 13:47:00,71030.06000000,71030.06000000,70964.34000000,70964.54000000,17.93395000,2026-04-13 13:47:59.999,1273308.21044590,3174,2.90758000,206464.00920230,0
2026-04-13 13:48:00,70964.54000000,71371.99000000,70956.14000000,71331.00000000,56.62496000,2026-04-13 13:48:59.999,4031069.73551410,13010,39.52362000,2813493.84683010,0
2026-04-13 13:49:00,71331.00000000,71616.45000000,71260.00000000,71616.45000000,133.50471000,2026-04-13 13:49:59.999,9542285.90626020,18893,111.81498000,7992593.47066440,0
2026-04-13 13:50:00,71616.57000000,71700.82000000,71514.73000000,71516.71000000,127.29013000,2026-04-13 13:50:59.999,9117335.80582210,18701,62.96733000,4511283.16977640,0
2026-04-13 13:51:00,71516.71000000,71516.71000000,71418.20000000,71419.82000000,50.00613000,2026-04-13 13:51:59.999,3572981.44866860,6217,19.03428000,1359823.39127630,0
2026-04-13 13:52:00,71419.82000000,71462.12000000,71363.15000000,71421.17000000,56.22631000,2026-04-13 13:52:59.999,4015288.96295250,7718,12.96996000,926190.84839740,0
2026-04-13 13:53:00,71421.16000000,71423.31000000,71323.17000000,71347.63000000,39.29919000,2026-04-13 13:53:59.999,2804258.44488860,6745,11.81051000,842744.15085920,0
2026-04-13 13:54:00,71347.63000000,71480.00000000,71347.63000000,71480.00000000,21.56040000,2026-04-13 13:54:59.999,1539922.12469620,4297,7.37957000,527032.80603280,0
2026-04-13 13:55:00,71480.00000000,71545.22000000,71433.17000000,71531.99000000,56.74067000,2026-04-13 13:55:59.999,4056614.82808770,5969,19.05516000,1362372.81155100,0
2026-04-13 13:56:00,71531.98000000,71631.10000000,71526.60000000,71599.99000000,77.54101000,2026-04-13 13:56:59.999,5551807.60728360,7903,47.15992000,3376618.70592940,0
2026-04-13 13:57:00,71600.00000000,71638.34000000,71560.47000000,71578.15000000,47.16813000,2026-04-13 13:57:59.999,3377477.07269960,5457,19.52987000,1398280.65080000,0
2026-04-13 13:58:00,71578.14000000,71637.13000000,71570.10000000,71598.00000000,62.93313000,2026-04-13 13:58:59.999,4506872.29682560,4528,32.60112000,2334785.74847030,0
2026-04-13 13:59:00,71598.01000000,71666.66000000,71538.06000000,71662.65000000,34.65997000,2026-04-13 13:59:59.999,2481895.46341280,4804,13.77560000,986663.96334430,0
2026-04-13 14:00:00,71662.65000000,71715.53000000,71647.21000000,71686.12000000,73.70377000,2026-04-13 14:00:59.999,5282102.30908980,8466,19.95515000,1430246.31673980,0
2026-04-13 14:01:00,71686.13000000,71768.00000000,71556.00000000,71556.01000000,39.43331000,2026-04-13 14:01:59.999,2826162.55866890,12151,13.13183000,941265.78521910,0
2026-04-13 14:02:00,71556.00000000,71601.68000000,71500.00000000,71507.31000000,20.02106000,2026-04-13 14:02:59.999,1432429.10867420,5599,4.11931000,294799.95517310,0
2026-04-13 14:03:00,71507.30000000,71514.32000000,71468.00000000,71471.12000000,19.01956000,2026-04-13 14:03:59.999,1359620.90519480,5835,3.20015000,228747.03774490,0
2026-04-13 14:04:00,71471.12000000,71529.60000000,71471.12000000,71526.63000000,11.99031000,2026-04-13 14:04:59.999,857427.07300260,3835,8.25477000,590275.30018940,0
2026-04-13 14:05:00,71526.62000000,71580.26000000,71480.27000000,71503.44000000,28.23849000,2026-04-13 14:05:59.999,2020147.19028240,5539,7.88278000,563886.76175200,0
2026-04-13 14:06:00,71503.44000000,71585.68000000,71491.49000000,71561.15000000,10.90822000,2026-04-13 14:06:59.999,780498.73306510,4308,4.52330000,323607.56662330,0
2026-04-13 14:07:00,71561.15000000,71614.09000000,71540.65000000,71540.65000000,18.54203000,2026-04-13 14:07:59.999,1327353.85575150,5111,10.58878000,758039.04841890,0
2026-04-13 14:08:00,71540.65000000,71540.65000000,71462.78000000,71514.76000000,16.84949000,2026-04-13 14:08:59.999,1204442.95113760,5506,5.08769000,363652.21462680,0
2026-04-13 14:09:00,71514.76000000,71514.77000000,71461.56000000,71483.05000000,14.42106000,2026-04-13 14:09:59.999,1030768.45676760,4694,3.02603000,216301.91251890,0
2026-04-13 14:10:00,71483.04000000,71525.05000000,71454.84000000,71525.05000000,14.23377000,2026-04-13 14:10:59.999,1017443.23093580,4143,4.20816000,300839.72480330,0
2026-04-13 14:11:00,71525.04000000,71607.80000000,71525.04000000,71596.03000000,12.59837000,2026-04-13 14:11:59.999,901839.93187380,4825,7.76571000,555876.74226980,0
2026-04-13 14:12:00,71596.02000000,71631.14000000,71591.40000000,71613.59000000,17.02504000,2026-04-13 14:12:59.999,1219221.85084130,3965,8.44078000,604458.78756170,0
2026-04-13 14:13:00,71613.59000000,71625.51000000,71565.28000000,71565.28000000,24.52476000,2026-04-13 14:13:59.999,1755843.70509260,4002,16.88250000,1208699.31008370,0
2026-04-13 14:14:00,71565.28000000,71628.00000000,71558.46000000,71622.24000000,15.06203000,2026-04-13 14:14:59.999,1078500.47477520,4286,9.11735000,652778.64346790,0
2026-04-13 14:15:00,71622.25000000,71650.00000000,71610.00000000,71645.49000000,20.28626000,2026-04-13 14:15:59.999,1453132.99606470,4283,12.18898000,873110.80444290,0
2026-04-13 14:16:00,71645.49000000,71740.00000000,71645.49000000,71714.84000000,82.19522000,2026-04-13 14:16:59.999,5894771.73453100,7515,49.20529000,3528693.13091370,0
2026-04-13 14:17:00,71714.85000000,71719.91000000,71490.00000000,71490.00000000,54.65531000,2026-04-13 14:17:59.999,3914861.86711210,6224,11.51742000,824860.21832650,0
2026-04-13 14:18:00,71490.00000000,71515.59000000,71460.91000000,71463.92000000,93.68814000,2026-04-13 14:18:59.999,6697367.03595500,4734,27.69280000,1979788.89414780,0
2026-04-13 14:19:00,71463.92000000,71518.79000000,71440.25000000,71506.00000000,30.48073000,2026-04-13 14:19:59.999,2178349.51644230,5361,9.60788000,686651.49163860,0
2026-04-13 14:20:00,71506.00000000,71583.76000000,71503.75000000,71554.10000000,23.63086000,2026-04-13 14:20:59.999,1690551.53420710,4745,11.29716000,808083.63068830,0
2026-04-13 14:21:00,71554.10000000,71624.81000000,71547.88000000,71612.24000000,32.83482000,2026-04-13 14:21:59.999,2350416.55758110,5693,17.39296000,1244938.96706850,0
2026-04-13 14:22:00,71612.24000000,71634.02000000,71582.90000000,71582.91000000,13.55041000,2026-04-13 14:22:59.999,970287.18846850,4455,6.30294000,451315.32822560,0
2026-04-13 14:23:00,71582.91000000,71634.00000000,71375.24000000,71480.63000000,81.05117000,2026-04-13 14:23:59.999,5795014.20432600,20082,47.13602000,3369537.28385350,0
2026-04-13 14:24:00,71480.63000000,71647.87000000,71480.01000000,71637.51000000,37.35848000,2026-04-13 14:24:59.999,2673924.10242160,8219,24.31424000,1740194.45303730,0
2026-04-13 14:25:00,71637.51000000,71647.58000000,71575.58000000,71642.90000000,21.84512000,2026-04-13 14:25:59.999,1564204.96772100,5891,13.91682000,996493.33216260,0
2026-04-13 14:26:00,71642.90000000,71657.79000000,71600.43000000,71654.01000000,28.72914000,2026-04-13 14:26:59.999,2058028.90153250,3958,14.38673000,1030604.32476360,0
2026-04-13 14:27:00,71654.01000000,71682.39000000,71639.37000000,71650.99000000,20.01559000,2026-04-13 14:27:59.999,1434302.14465620,6105,8.22994000,589714.14064960,0
2026-04-13 14:28:00,71651.00000000,71700.00000000,71615.68000000,71633.40000000,26.22311000,2026-04-13 14:28:59.999,1879399.16937240,5620,15.90568000,1139914.89154850,0
2026-04-13 14:29:00,71633.41000000,71640.00000000,71604.61000000,71639.99000000,15.55818000,2026-04-13 14:29:59.999,1114307.99156490,2621,6.17273000,442094.59899320,0
2026-04-13 14:30:00,71640.00000000,71679.15000000,71600.00000000,71637.00000000,18.30127000,2026-04-13 14:30:59.999,1311219.71690300,5605,8.09554000,579961.40533460,0
2026-04-13 14:31:00,71637.01000000,71737.88000000,71632.73000000,71720.01000000,33.96951000,2026-04-13 14:31:59.999,2435749.58720730,3909,28.55006000,2047284.58666170,0
2026-04-13 14:32:00,71720.00000000,71760.95000000,71656.06000000,71656.07000000,35.90630000,2026-04-13 14:32:59.999,2575098.92784610,7275,22.50536000,1614202.50339780,0
2026-04-13 14:33:00,71656.06000000,71717.67000000,71652.09000000,71706.98000000,25.26344000,2026-04-13 14:33:59.999,1811304.37202850,4937,14.91642000,1069445.87750190,0
2026-04-13 14:34:00,71706.98000000,71810.00000000,71696.73000000,71779.13000000,41.19535000,2026-04-13 14:34:59.999,2956667.93655460,5870,28.93592000,2076806.23176340,0
2026-04-13 14:35:00,71779.12000000,71808.00000000,71769.33000000,71779.19000000,31.93059000,2026-04-13 14:35:59.999,2292259.72939530,5702,17.53334000,1258686.66101610,0
2026-04-13 14:36:00,71779.20000000,71792.00000000,71760.00000000,71792.00000000,26.67092000,2026-04-13 14:36:59.999,1914317.55872110,3954,14.32300000,1028025.34734400,0
2026-04-13 14:37:00,71791.99000000,71795.05000000,71749.28000000,71788.42000000,21.43615000,2026-04-13 14:37:59.999,1538568.99876280,4079,12.39294000,889474.10303830,0
2026-04-13 14:38:00,71788.42000000,71790.00000000,71764.57000000,71764.58000000,17.71285000,2026-04-13 14:38:59.999,1271336.19929550,2565,7.38049000,529734.76077040,0
2026-04-13 14:39:00,71764.58000000,71796.00000000,71764.57000000,71796.00000000,22.77728000,2026-04-13 14:39:59.999,1635077.19479400,3356,16.68618000,1197807.06537810,0
2026-04-13 14:40:00,71796.00000000,71806.21000000,71740.68000000,71765.96000000,37.26043000,2026-04-13 14:40:59.999,2674119.63442340,4832,20.16182000,1446917.67211750,0
2026-04-13 14:41:00,71765.97000000,71772.22000000,71750.35000000,71770.60000000,16.30385000,2026-04-13 14:41:59.999,1169963.62684620,2300,9.40424000,674826.50884720,0
2026-04-13 14:42:00,71770.60000000,71809.96000000,71767.49000000,71809.96000000,11.82555000,2026-04-13 14:42:59.999,848871.60989140,2611,6.76236000,485418.62504830,0
2026-04-13 14:43:00,71809.96000000,71884.61000000,71809.96000000,71870.14000000,36.64932000,2026-04-13 14:43:59.999,2633737.60138750,6671,21.71654000,1560514.66633510,0
2026-04-13 14:44:00,71870.13000000,72000.00000000,71857.44000000,71989.14000000,97.28876000,2026-04-13 14:44:59.999,6998903.61955250,10606,72.07272000,5184829.74338670,0
2026-04-13 14:45:00,71989.13000000,72021.53000000,71949.81000000,71959.28000000,78.75886000,2026-04-13 14:45:59.999,5670564.81390910,6546,37.69416000,2713958.33218320,0
2026-04-13 14:46:00,71959.28000000,72111.00000000,71946.00000000,72056.12000000,52.38132000,2026-04-13 14:46:59.999,3774211.80483170,8339,36.73544000,2646917.84330340,0
2026-04-13 14:47:00,72056.13000000,72188.15000000,72050.51000000,72143.13000000,54.15461000,2026-04-13 14:47:59.999,3906171.54287260,8402,40.67595000,2934015.75620610,0
2026-04-13 14:48:00,72143.12000000,72143.13000000,71989.58000000,72016.22000000,48.09785000,2026-04-13 14:48:59.999,3466068.56041800,6332,15.88513000,1144598.00790810,0
2026-04-13 14:49:00,72016.22000000,72016.23000000,71946.02000000,71959.47000000,40.37132000,2026-04-13 14:49:59.999,2905980.11241640,5075,18.65936000,1343131.04944940,0
2026-04-13 14:50:00,71959.47000000,71959.47000000,71907.81000000,71907.81000000,40.94918000,2026-04-13 14:50:59.999,2945455.55953650,5564,24.79360000,1783343.48516990,0
2026-04-13 14:51:00,71907.81000000,71931.43000000,71866.95000000,71898.29000000,41.85435000,2026-04-13 14:51:59.999,3008796.53346430,4646,11.74128000,844123.02156240,0
2026-04-13 14:52:00,71898.29000000,71930.00000000,71882.65000000,71912.95000000,12.07838000,2026-04-13 14:52:59.999,868613.93507090,2079,5.68818000,409067.50597570,0
2026-04-13 14:53:00,71912.95000000,72000.00000000,71912.95000000,71987.76000000,21.45295000,2026-04-13 14:53:59.999,1544022.53690750,2480,18.00349000,1295770.70464110,0
2026-04-13 14:54:00,71987.76000000,72046.60000000,71968.00000000,72046.60000000,11.56248000,2026-04-13 14:54:59.999,832517.13025440,2747,7.50963000,540750.95189820,0
2026-04-13 14:55:00,72046.60000000,72076.52000000,72007.66000000,72076.51000000,35.84557000,2026-04-13 14:55:59.999,2582558.05961430,5755,20.96932000,1510752.70820820,0
2026-04-13 14:56:00,72076.52000000,72076.52000000,72032.97000000,72068.98000000,16.38970000,2026-04-13 14:56:59.999,1180974.90744090,1969,6.61799000,476833.38373180,0
2026-04-13 14:57:00,72068.99000000,72169.58000000,72068.99000000,72168.78000000,37.63904000,2026-04-13 14:57:59.999,2715297.37117510,6737,21.92280000,1581425.10889830,0
2026-04-13 14:58:00,72168.78000000,72392.63000000,72168.78000000,72381.62000000,107.40008000,2026-04-13 14:58:59.999,7764567.34308810,13982,82.71184000,5979327.62292920,0
2026-04-13 14:59:00,72381.61000000,72401.00000000,72347.16000000,72400.15000000,106.13667000,2026-04-13 14:59:59.999,7682254.55297330,6851,61.11744000,4423904.57373000,0
2026-04-13 15:00:00,72400.15000000,72464.28000000,72329.80000000,72345.96000000,98.72335000,2026-04-13 15:00:59.999,7147382.90396340,14051,62.11144000,4497133.16853430,0
2026-04-13 15:01:00,72345.96000000,72381.30000000,72300.00000000,72307.26000000,36.02876000,2026-04-13 15:01:59.999,2606064.23120290,7210,15.53992000,1123984.24788730,0
2026-04-13 15:02:00,72307.26000000,72327.20000000,72215.46000000,72215.46000000,45.13411000,2026-04-13 15:02:59.999,3261449.96872400,4306,14.48462000,1046800.80806570,0
2026-04-13 15:03:00,72215.46000000,72215.46000000,72122.44000000,72160.79000000,60.69912000,2026-04-13 15:03:59.999,4380186.06978190,4192,27.70430000,1998980.60193970,0
2026-04-13 15:04:00,72160.79000000,72162.44000000,72050.00000000,72066.04000000,36.26983000,2026-04-13 15:04:59.999,2615264.36715950,5625,11.41311000,823020.83450400,0
2026-04-13 15:05:00,72066.03000000,72169.58000000,72066.03000000,72113.03000000,40.89930000,2026-04-13 15:05:59.999,2950090.67208290,5386,18.36445000,1324536.87692480,0
2026-04-13 15:06:00,72113.03000000,72135.54000000,72066.04000000,72069.29000000,18.86118000,2026-04-13 15:06:59.999,1359946.60633730,3512,7.75364000,559048.19541580,0
2026-04-13 15:07:00,72069.29000000,72123.34000000,72069.29000000,72082.37000000,13.44265000,2026-04-13 15:07:59.999,969034.52639220,3182,8.37865000,603961.66556230,0
2026-04-13 15:08:00,72082.37000000,72082.37000000,71912.96000000,71961.78000000,36.10291000,2026-04-13 15:08:59.999,2598309.93949010,8110,13.04174000,938404.39666560,0
2026-04-13 15:09:00,71961.78000000,72000.09000000,71954.81000000,71986.11000000,28.92970000,2026-04-13 15:09:59.999,2082315.87923200,3066,18.30692000,1317672.52717180,0
2026-04-13 15:10:00,71987.56000000,71987.57000000,71948.88000000,71967.99000000,7.99835000,2026-04-13 15:10:59.999,575590.02586840,2001,4.39258000,316106.71484630,0
2026-04-13 15:11:00,71968.00000000,72000.09000000,71967.99000000,72000.09000000,7.75750000,2026-04-13 15:11:59.999,558410.32395250,1992,3.93939000,283566.62223790,0
2026-04-13 15:12:00,72000.09000000,72000.09000000,71918.64000000,71927.59000000,17.51844000,2026-04-13 15:12:59.999,1260660.82156880,2694,4.50929000,324487.30619670,0
2026-04-13 15:13:00,71927.59000000,71972.69000000,71918.65000000,71945.07000000,9.70194000,2026-04-13 15:13:59.999,698019.59622530,2448,3.05355000,219689.11906670,0
2026-04-13 15:14:00,71945.07000000,71955.34000000,71933.50000000,71951.39000000,11.06149000,2026-04-13 15:14:59.999,795809.44641420,1884,5.28150000,379942.32856370,0
2026-04-13 15:15:00,71951.40000000,71975.40000000,71903.50000000,71903.50000000,11.86570000,2026-04-13 15:15:59.999,853648.04498130,2371,5.27978000,379882.57969430,0
2026-04-13 15:16:00,71903.49000000,71910.94000000,71876.11000000,71896.56000000,24.50270000,2026-04-13 15:16:59.999,1761583.42255040,3873,7.28274000,523566.06229840,0
2026-04-13 15:17:00,71896.57000000,71937.15000000,71887.28000000,71899.02000000,12.59600000,2026-04-13 15:17:59.999,905664.14031950,2943,6.79543000,488584.22750290,0
2026-04-13 15:18:00,71899.02000000,71913.60000000,71857.44000000,71901.66000000,16.23493000,2026-04-13 15:18:59.999,1167143.46072920,3462,9.05363000,650866.93820820,0
2026-04-13 15:19:00,71901.80000000,71963.08000000,71866.78000000,71866.78000000,12.18442000,2026-04-13 15:19:59.999,876345.07291340,3733,4.72410000,339851.34007000,0
2026-04-13 15:20:00,71866.78000000,71973.00000000,71866.78000000,71948.16000000,21.12062000,2026-04-13 15:20:59.999,1519312.92964520,3453,14.77755000,1063039.42465720,0
2026-04-13 15:21:00,71948.15000000,71948.15000000,71886.45000000,71886.45000000,11.13484000,2026-04-13 15:21:59.999,800757.94766850,2802,3.57577000,257148.37566240,0
2026-04-13 15:22:00,71886.45000000,71959.52000000,71879.29000000,71949.43000000,19.39472000,2026-04-13 15:22:59.999,1394984.42214000,3884,15.45540000,1111633.35165490,0
2026-04-13 15:23:00,71949.43000000,71963.23000000,71914.59000000,71926.55000000,11.86625000,2026-04-13 15:23:59.999,853580.01808480,2943,4.62552000,332703.23717400,0
2026-04-13 15:24:00,71926.56000000,71942.53000000,71891.10000000,71902.98000000,15.78151000,2026-04-13 15:24:59.999,1134983.25521160,2043,4.56883000,328575.83152110,0
2026-04-13 15:25:00,71902.98000000,71920.41000000,71870.72000000,71920.40000000,7.85251000,2026-04-13 15:25:59.999,564513.43744130,2110,3.09300000,222332.99294810,0
2026-04-13 15:26:00,71920.41000000,71936.00000000,71850.94000000,71867.76000000,15.93105000,2026-04-13 15:26:59.999,1145240.12870230,3142,3.87206000,278326.30140730,0
2026-04-13 15:27:00,71867.77000000,72004.96000000,71867.77000000,72004.96000000,26.40237000,2026-04-13 15:27:59.999,1899819.94941470,4543,18.75596000,1349639.75865400,0
2026-04-13 15:28:00,72004.97000000,72017.19000000,71964.57000000,71969.74000000,14.66790000,2026-04-13 15:28:59.999,1056131.53523680,2074,3.35273000,241338.89112650,0
2026-04-13 15:29:00,71969.74000000,71969.74000000,71953.51000000,71955.68000000,6.89392000,2026-04-13 15:29:59.999,496102.11067520,1235,1.12393000,80879.80518050,0
2026-04-13 15:30:00,71955.67000000,71955.67000000,71740.34000000,71760.49000000,104.86058000,2026-04-13 15:30:59.999,7530145.32552040,8179,16.51132000,1186798.15721550,0
2026-04-13 15:31:00,71760.50000000,71775.67000000,71704.98000000,71738.22000000,44.61869000,2026-04-13 15:31:59.999,3201189.42367310,5139,15.92297000,1142447.89830290,0
2026-04-13 15:32:00,71738.23000000,71772.74000000,71722.25000000,71722.26000000,22.35476000,2026-04-13 15:32:59.999,1603902.08043590,3671,3.50364000,251363.42873990,0
2026-04-13 15:33:00,71722.26000000,71785.01000000,71719.99000000,71720.00000000,65.37055000,2026-04-13 15:33:59.999,4689350.33501760,4790,15.59842000,1118962.61910810,0
2026-04-13 15:34:00,71720.00000000,71742.40000000,71697.34000000,71739.42000000,35.45795000,2026-04-13 15:34:59.999,2542942.15946270,3224,19.19861000,1376952.51879640,0
2026-04-13 15:35:00,71740.00000000,71793.88000000,71740.00000000,71764.49000000,10.99572000,2026-04-13 15:35:59.999,789063.93093080,3006,4.25127000,305073.63975980,0
2026-04-13 15:36:00,71764.49000000,71764.50000000,71661.75000000,71678.25000000,20.11176000,2026-04-13 15:36:59.999,1442162.94944070,4845,5.63454000,404072.23110970,0
2026-04-13 15:37:00,71678.25000000,71716.68000000,71653.57000000,71694.93000000,27.25001000,2026-04-13 15:37:59.999,1953120.89760570,4292,8.12037000,582063.81922760,0
2026-04-13 15:38:00,71694.93000000,71773.48000000,71652.65000000,71720.74000000,25.18417000,2026-04-13 15:38:59.999,1805840.70959610,8374,10.38944000,745075.27783410,0
2026-04-13 15:39:00,71720.74000000,71783.97000000,71706.13000000,71742.80000000,23.70940000,2026-04-13 15:39:59.999,1701274.92409430,4762,13.70782000,983673.75245160,0
2026-04-13 15:40:00,71742.80000000,71780.58000000,71726.35000000,71763.34000000,11.48526000,2026-04-13 15:40:59.999,824194.60357160,3039,3.11890000,223812.06073110,0
2026-04-13 15:41:00,71763.34000000,71850.01000000,71763.33000000,71826.61000000,36.99465000,2026-04-13 15:41:59.999,2657485.27149890,3200,18.35374000,1318410.91667230,0
2026-04-13 15:42:00,71826.60000000,71826.60000000,71775.32000000,71784.93000000,25.16724000,2026-04-13 15:42:59.999,1806927.61343430,4304,11.71575000,841085.11435100,0
2026-04-13 15:43:00,71784.92000000,71819.82000000,71772.82000000,71819.82000000,13.45695000,2026-04-13 15:43:59.999,966037.38254350,2735,4.83339000,346972.17829930,0
2026-04-13 15:44:00,71819.82000000,71846.95000000,71819.82000000,71837.57000000,7.07903000,2026-04-13 15:44:59.999,508538.58842670,1785,2.46749000,177249.18191040,0
2026-04-13 15:45:00,71837.56000000,71863.68000000,71792.93000000,71857.78000000,25.38691000,2026-04-13 15:45:59.999,1823593.66303550,4753,17.01100000,1221904.87976700,0
2026-04-13 15:46:00,71857.78000000,71872.23000000,71845.23000000,71872.23000000,8.08246000,2026-04-13 15:46:59.999,580768.34910270,1748,5.28188000,379531.48172850,0
2026-04-13 15:47:00,71872.23000000,71918.74000000,71872.23000000,71917.68000000,11.54313000,2026-04-13 15:47:59.999,829904.34431570,3427,6.23922000,448521.16694600,0
2026-04-13 15:48:00,71917.68000000,71931.19000000,71826.78000000,71826.78000000,19.08527000,2026-04-13 15:48:59.999,1372411.84839750,3367,10.17477000,731739.21112810,0
2026-04-13 15:49:00,71826.78000000,71853.99000000,71808.12000000,71829.77000000,11.25516000,2026-04-13 15:49:59.999,808517.45774380,2722,3.25415000,233764.81824720,0
2026-04-13 15:50:00,71829.78000000,71845.77000000,71790.00000000,71805.19000000,14.13911000,2026-04-13 15:50:59.999,1015338.63433260,2995,4.49399000,322736.52138020,0
2026-04-13 15:51:00,71805.19000000,71821.60000000,71756.36000000,71810.56000000,6.60696000,2026-04-13 15:51:59.999,474325.84662920,3053,3.04968000,218921.30374790,0
2026-04-13 15:52:00,71810.56000000,71820.02000000,71774.36000000,71774.37000000,11.04846000,2026-04-13 15:52:59.999,793285.48975360,2491,1.27665000,91663.02127990,0
2026-04-13 15:53:00,71774.36000000,71785.09000000,71728.08000000,71785.08000000,10.38936000,2026-04-13 15:53:59.999,745516.89087530,3046,4.19065000,300708.11238630,0
2026-04-13 15:54:00,71785.08000000,71785.09000000,71737.99000000,71738.00000000,8.02474000,2026-04-13 15:54:59.999,575914.46722700,2511,2.07103000,148638.30690310,0
2026-04-13 15:55:00,71737.99000000,71820.82000000,71737.99000000,71815.50000000,12.66987000,2026-04-13 15:55:59.999,909427.00802410,2434,8.12488000,583204.89299310,0
2026-04-13 15:56:00,71815.50000000,71838.05000000,71785.36000000,71785.36000000,6.92650000,2026-04-13 15:56:59.999,497445.71121050,2573,1.26661000,90963.67950680,0
2026-04-13 15:57:00,71785.36000000,71807.31000000,71755.41000000,71806.69000000,9.94704000,2026-04-13 15:57:59.999,713943.95947900,3397,3.49239000,250669.90511020,0
2026-04-13 15:58:00,71806.68000000,71847.00000000,71806.68000000,71840.75000000,9.08762000,2026-04-13 15:58:59.999,652787.78117630,2330,4.90618000,352398.13476830,0
2026-04-13 15:59:00,71840.76000000,71868.69000000,71840.75000000,71866.59000000,6.49042000,2026-04-13 15:59:59.999,466409.69994200,1062,4.45398000,320058.44024790,0
2026-04-13 16:00:00,71866.59000000,71906.44000000,71860.46000000,71902.91000000,13.70959000,2026-04-13 16:00:59.999,985516.68904760,3190,10.64691000,765364.40522420,0
2026-04-13 16:01:00,71902.91000000,71917.77000000,71822.26000000,71884.00000000,22.01297000,2026-04-13 16:01:59.999,1581997.20069850,4249,10.09471000,725499.76702680,0
2026-04-13 16:02:00,71883.99000000,71884.00000000,71832.01000000,71838.40000000,5.82456000,2026-04-13 16:02:59.999,418547.49902250,1966,1.58809000,114102.53331030,0
2026-04-13 16:03:00,71838.40000000,71860.31000000,71805.92000000,71828.90000000,11.40854000,2026-04-13 16:03:59.999,819586.50833470,3088,2.93763000,211033.66669210,0
2026-04-13 16:04:00,71828.90000000,71834.57000000,71801.80000000,71801.81000000,5.86652000,2026-04-13 16:04:59.999,421315.91498950,1475,2.75489000,197836.62847940,0
2026-04-13 16:05:00,71801.81000000,71801.81000000,71679.80000000,71729.35000000,25.84362000,2026-04-13 16:05:59.999,1853999.89686780,4623,2.41664000,173279.64447250,0
2026-04-13 16:06:00,71729.35000000,71915.10000000,71690.85000000,71884.02000000,35.73725000,2026-04-13 16:06:59.999,2565521.68920040,13013,20.97399000,1505940.34729350,0
2026-04-13 16:07:00,71884.02000000,71932.14000000,71804.54000000,71862.84000000,27.60165000,2026-04-13 16:07:59.999,1983713.87960840,9137,9.60074000,690012.52918380,0
2026-04-13 16:08:00,71862.84000000,71893.64000000,71810.04000000,71874.64000000,8.73540000,2026-04-13 16:08:59.999,627631.45732450,4625,4.95448000,355966.13639600,0
2026-04-13 16:09:00,71874.63000000,71982.46000000,71874.63000000,71979.97000000,27.62841000,2026-04-13 16:09:59.999,1987948.57934260,4243,21.25539000,1529438.93556990,0
2026-04-13 16:10:00,71979.98000000,72014.71000000,71977.14000000,72000.94000000,41.36220000,2026-04-13 16:10:59.999,2978042.07589370,4701,31.08306000,2238000.27691870,0
2026-04-13 16:11:00,72000.93000000,72017.20000000,71982.56000000,71994.60000000,11.91737000,2026-04-13 16:11:59.999,858108.92521340,2694,2.69795000,194233.84641780,0
2026-04-13 16:12:00,71994.60000000,71994.61000000,71946.96000000,71981.23000000,5.36611000,2026-04-13 16:12:59.999,386214.44374970,2667,1.84439000,132736.66120660,0
2026-04-13 16:13:00,71981.24000000,71997.34000000,71959.88000000,71990.13000000,6.25848000,2026-04-13 16:13:59.999,450455.26974970,2512,2.46870000,177677.80169980,0
2026-04-13 16:14:00,71990.13000000,72044.16000000,71990.13000000,72030.33000000,11.92136000,2026-04-13 16:14:59.999,858628.71742450,2148,6.02718000,434059.52435360,0
2026-04-13 16:15:00,72030.33000000,72063.73000000,71922.00000000,71946.97000000,24.73801000,2026-04-13 16:15:59.999,1780531.72872070,5396,4.56202000,328347.95543200,0
2026-04-13 16:16:00,71946.97000000,72051.52000000,71931.34000000,72051.51000000,8.86838000,2026-04-13 16:16:59.999,638409.47126010,3853,4.59527000,330772.39401670,0
2026-04-13 16:17:00,72051.51000000,72074.65000000,72025.77000000,72074.65000000,8.74006000,2026-04-13 16:17:59.999,629758.43267260,2662,3.79474000,273437.53741350,0
2026-04-13 16:18:00,72074.65000000,72117.64000000,72070.27000000,72107.51000000,35.87613000,2026-04-13 16:18:59.999,2586392.38516990,4958,26.48414000,1909336.84454390,0
2026-04-13 16:19:00,72107.51000000,72140.08000000,72094.26000000,72116.00000000,7.28946000,2026-04-13 16:19:59.999,525763.14134120,1680,4.42258000,319000.80803330,0
